"id","surgerytimestamp","species","name","tl","sl","weight","sex","firstposition","lastposition"
10,2009-09-07 00:00:00.000,4,Perch,313.0,0.0,438.0,female,2009-09-10 00:00:00.000,2010-05-05 00:00:00.000
82,2009-09-07 00:00:00.000,3,Catfish,1410.0,0.0,23855.0,?,2009-09-10 00:00:00.000,2010-09-28 00:00:00.000
26,2009-09-08 00:00:00.000,5,Pike,619.0,0.0,1531.0,female,2009-09-10 00:00:00.000,2011-02-11 00:00:00.000
65,2009-09-16 00:00:00.000,5,Pike,359.0,314.0,262.0,female,2009-09-16 00:00:00.000,2010-09-07 00:00:00.000
32,2009-09-16 00:00:00.000,5,Pike,551.0,495.0,879.0,female,2009-09-16 00:00:00.000,2011-06-24 00:00:00.000
43,2009-09-16 00:00:00.000,5,Pike,343.0,301.0,240.0,male,2009-09-16 00:00:00.000,2010-08-28 00:00:00.000
27,2009-09-16 00:00:00.000,5,Pike,443.0,390.0,468.0,female,2009-09-23 00:00:00.000,2010-08-10 00:00:00.000
36,2009-09-16 00:00:00.000,5,Pike,461.0,400.0,543.0,female,2009-09-16 00:00:00.000,2010-08-17 00:00:00.000
72,2009-09-16 00:00:00.000,5,Pike,505.0,443.0,673.0,female,2009-09-16 00:00:00.000,2011-06-25 00:00:00.000
73,2009-09-16 00:00:00.000,5,Pike,369.0,325.0,266.0,female,2009-09-16 00:00:00.000,2010-07-30 00:00:00.000
46,2009-09-16 00:00:00.000,5,Pike,415.0,363.0,458.0,female,2009-09-16 00:00:00.000,2010-08-10 00:00:00.000
53,2009-09-16 00:00:00.000,5,Pike,522.0,463.0,828.0,female,2009-09-16 00:00:00.000,2011-03-12 00:00:00.000
70,2009-09-16 00:00:00.000,5,Pike,399.0,347.0,341.0,female,2009-09-17 00:00:00.000,2010-07-09 00:00:00.000
41,2009-09-16 00:00:00.000,5,Pike,349.0,307.0,227.0,female,2009-09-16 00:00:00.000,2009-12-19 00:00:00.000
40,2009-09-16 00:00:00.000,5,Pike,368.0,323.0,246.0,female,2009-09-16 00:00:00.000,2009-11-15 00:00:00.000
61,2009-09-16 00:00:00.000,5,Pike,435.0,381.0,437.0,male,2009-09-16 00:00:00.000,2009-10-30 00:00:00.000
50,2009-09-16 00:00:00.000,5,Pike,389.0,337.0,328.0,female,2009-09-16 00:00:00.000,2009-10-06 00:00:00.000
77,2009-09-16 00:00:00.000,5,Pike,538.0,475.0,877.0,female,2009-09-16 00:00:00.000,2011-05-08 00:00:00.000
64,2009-09-23 00:00:00.000,5,Pike,528.0,457.0,842.0,male,2009-09-23 00:00:00.000,2011-03-19 00:00:00.000
68,2009-09-23 00:00:00.000,5,Pike,355.0,311.0,233.0,female,2009-09-24 00:00:00.000,2011-11-17 00:00:00.000
23,2009-09-23 00:00:00.000,5,Pike,506.0,441.0,778.0,female,2009-09-23 00:00:00.000,2011-04-20 00:00:00.000
9,2009-09-23 00:00:00.000,4,Perch,368.0,328.0,747.0,female,2009-09-23 00:00:00.000,2010-04-22 00:00:00.000
71,2009-09-23 00:00:00.000,5,Pike,554.0,482.0,971.0,female,2009-09-23 00:00:00.000,2011-04-17 00:00:00.000
67,2009-09-23 00:00:00.000,5,Pike,422.0,369.0,403.0,female,2009-09-23 00:00:00.000,2010-06-08 00:00:00.000
6,2009-09-23 00:00:00.000,4,Perch,337.0,297.0,572.0,female,2009-09-23 00:00:00.000,2010-06-03 00:00:00.000
45,2009-09-23 00:00:00.000,5,Pike,545.0,480.0,949.0,male,2009-09-23 00:00:00.000,2011-06-22 00:00:00.000
2,2009-09-23 00:00:00.000,4,Perch,367.0,322.0,735.0,female,2009-09-23 00:00:00.000,2010-04-25 00:00:00.000
80,2009-09-23 00:00:00.000,5,Pike,675.0,597.0,1696.0,female,2009-09-23 00:00:00.000,2010-08-17 00:00:00.000
62,2009-09-23 00:00:00.000,5,Pike,581.0,523.0,1118.0,female,2009-09-23 00:00:00.000,2011-05-07 00:00:00.000
56,2009-09-24 00:00:00.000,5,Pike,443.0,389.0,468.0,female,2009-09-24 00:00:00.000,2011-06-25 00:00:00.000
34,2009-09-24 00:00:00.000,5,Pike,569.0,505.0,990.0,female,2009-09-24 00:00:00.000,2011-03-01 00:00:00.000
49,2009-09-24 00:00:00.000,5,Pike,465.0,410.0,666.0,female,2009-09-24 00:00:00.000,2009-09-29 00:00:00.000
31,2009-09-24 00:00:00.000,5,Pike,528.0,470.0,838.0,female,2009-09-24 00:00:00.000,2011-06-21 00:00:00.000
63,2009-09-24 00:00:00.000,5,Pike,472.0,419.0,509.0,female,2009-09-24 00:00:00.000,2011-04-25 00:00:00.000
28,2009-09-24 00:00:00.000,5,Pike,703.0,635.0,1820.0,female,2009-09-24 00:00:00.000,2011-02-09 00:00:00.000
52,2009-09-24 00:00:00.000,5,Pike,490.0,432.0,646.0,female,2009-09-24 00:00:00.000,2009-12-25 00:00:00.000
47,2009-09-24 00:00:00.000,5,Pike,477.0,418.0,568.0,female,2009-09-24 00:00:00.000,2010-05-27 00:00:00.000
22,2009-09-24 00:00:00.000,5,Pike,423.0,375.0,418.0,female,2009-09-24 00:00:00.000,2009-10-27 00:00:00.000
21,2009-09-24 00:00:00.000,5,Pike,586.0,520.0,1147.0,female,2009-09-24 00:00:00.000,2010-04-14 00:00:00.000
69,2009-09-24 00:00:00.000,5,Pike,464.0,408.0,524.0,female,2009-09-24 00:00:00.000,2010-11-05 00:00:00.000
74,2009-09-24 00:00:00.000,5,Pike,402.0,352.0,353.0,female,2009-09-24 00:00:00.000,2010-08-17 00:00:00.000
24,2009-09-24 00:00:00.000,5,Pike,757.0,688.0,2170.0,female,2009-09-24 00:00:00.000,2009-10-28 00:00:00.000
37,2009-09-24 00:00:00.000,5,Pike,627.0,554.0,1257.0,female,2009-09-24 00:00:00.000,2010-06-02 00:00:00.000
39,2009-09-24 00:00:00.000,5,Pike,436.0,377.0,456.0,male,2009-09-24 00:00:00.000,2010-05-27 00:00:00.000
19,2009-09-25 00:00:00.000,4,Perch,383.0,347.0,964.0,female,2009-09-25 00:00:00.000,2010-07-09 00:00:00.000
14,2009-09-25 00:00:00.000,4,Perch,400.0,349.0,1005.0,female,2009-09-25 00:00:00.000,2009-10-09 00:00:00.000
18,2009-09-25 00:00:00.000,4,Perch,342.0,301.0,535.0,?,2009-09-25 00:00:00.000,2010-08-25 00:00:00.000
12,2009-09-25 00:00:00.000,4,Perch,325.0,291.0,519.0,female,2009-09-25 00:00:00.000,2009-09-25 00:00:00.000
11,2009-09-25 00:00:00.000,4,Perch,389.0,338.0,860.0,female,2009-09-25 00:00:00.000,2010-08-31 00:00:00.000
17,2009-09-25 00:00:00.000,4,Perch,348.0,311.0,606.0,female,2009-09-25 00:00:00.000,2009-10-16 00:00:00.000
57,2009-09-25 00:00:00.000,5,Pike,768.0,700.0,2780.0,female,2009-09-25 00:00:00.000,2010-05-18 00:00:00.000
16,2009-09-25 00:00:00.000,4,Perch,394.0,353.0,904.0,female,2009-09-25 00:00:00.000,2010-09-21 00:00:00.000
20,2009-09-25 00:00:00.000,4,Perch,325.0,291.0,505.0,male,2009-09-25 00:00:00.000,2010-09-13 00:00:00.000
13,2009-09-25 00:00:00.000,4,Perch,332.0,296.0,547.0,female,2009-09-25 00:00:00.000,2010-07-15 00:00:00.000
15,2009-09-25 00:00:00.000,4,Perch,353.0,310.0,697.0,female,2009-09-25 00:00:00.000,2010-08-28 00:00:00.000
48,2009-09-25 00:00:00.000,5,Pike,772.0,690.0,2850.0,female,2009-09-25 00:00:00.000,2010-09-24 00:00:00.000
76,2009-10-28 00:00:00.000,5,Pike,425.0,368.0,387.0,female,2009-10-23 00:00:00.000,2010-08-17 00:00:00.000
84,2009-10-28 00:00:00.000,3,Catfish,1016.0,945.0,7050.0,?,2009-10-28 00:00:00.000,2011-02-14 00:00:00.000
66,2009-10-28 00:00:00.000,5,Pike,614.0,536.0,1367.0,female,2009-10-28 00:00:00.000,2010-10-16 00:00:00.000
38,2009-10-28 00:00:00.000,5,Pike,740.0,671.0,2517.0,female,2009-10-28 00:00:00.000,2010-08-04 00:00:00.000
83,2009-10-28 00:00:00.000,3,Catfish,1125.0,1047.0,11170.0,?,2009-10-28 00:00:00.000,2011-03-21 00:00:00.000
42,2009-10-28 00:00:00.000,5,Pike,664.0,586.0,1818.0,female,2009-10-28 00:00:00.000,2011-04-22 00:00:00.000
78,2009-10-28 00:00:00.000,5,Pike,575.0,505.0,1158.0,female,2009-10-29 00:00:00.000,2011-03-30 00:00:00.000
60,2009-10-29 00:00:00.000,5,Pike,688.0,608.0,1790.0,female,2009-10-29 00:00:00.000,2010-10-08 00:00:00.000
54,2009-10-29 00:00:00.000,5,Pike,736.0,664.0,2297.0,female,2009-10-29 00:00:00.000,2011-03-13 00:00:00.000
29,2009-10-29 00:00:00.000,5,Pike,490.0,427.0,683.0,female,2009-10-29 00:00:00.000,2011-07-16 00:00:00.000
51,2009-10-29 00:00:00.000,5,Pike,742.0,660.0,2284.0,female,2009-10-29 00:00:00.000,2011-06-19 00:00:00.000
44,2009-10-30 00:00:00.000,5,Pike,594.0,525.0,1300.0,female,2009-10-30 00:00:00.000,2010-12-28 00:00:00.000
55,2009-10-30 00:00:00.000,5,Pike,553.0,490.0,1056.0,female,2009-10-29 00:00:00.000,2011-09-15 00:00:00.000
79,2009-10-30 00:00:00.000,5,Pike,712.0,634.0,2409.0,female,2009-10-30 00:00:00.000,2010-11-27 00:00:00.000
35,2009-11-10 00:00:00.000,5,Pike,621.0,551.0,1603.0,female,2009-11-10 00:00:00.000,2011-03-05 00:00:00.000
4,2009-11-10 00:00:00.000,4,Perch,321.0,282.0,444.0,female,2009-11-10 00:00:00.000,2010-04-23 00:00:00.000
59,2009-11-10 00:00:00.000,5,Pike,573.0,522.0,1197.0,female,2009-11-10 00:00:00.000,2010-12-16 00:00:00.000
7,2009-11-11 00:00:00.000,4,Perch,382.0,342.0,916.0,female,2009-11-11 00:00:00.000,2010-08-17 00:00:00.000
5,2009-11-11 00:00:00.000,4,Perch,340.0,302.0,518.0,female,2009-11-11 00:00:00.000,2010-03-31 00:00:00.000
1,2009-11-11 00:00:00.000,4,Perch,382.0,340.0,888.0,female,2009-11-11 00:00:00.000,2010-04-12 00:00:00.000
3,2009-11-11 00:00:00.000,4,Perch,381.0,339.0,917.0,female,2009-11-11 00:00:00.000,2010-03-26 00:00:00.000
8,2009-11-11 00:00:00.000,4,Perch,331.0,294.0,511.0,female,2009-11-11 00:00:00.000,2010-07-27 00:00:00.000
30,2009-11-11 00:00:00.000,5,Pike,704.0,636.0,2392.0,female,2009-11-13 00:00:00.000,2010-07-18 00:00:00.000
58,2009-11-11 00:00:00.000,5,Pike,650.0,575.0,1671.0,female,2009-11-13 00:00:00.000,2011-01-11 00:00:00.000
75,2009-11-12 00:00:00.000,5,Pike,575.0,510.0,1061.0,female,2009-11-13 00:00:00.000,2011-01-19 00:00:00.000
33,2009-11-12 00:00:00.000,5,Pike,803.0,725.0,2449.0,female,2009-11-13 00:00:00.000,2010-10-21 00:00:00.000
25,2009-11-12 00:00:00.000,5,Pike,547.0,420.0,982.0,female,2009-11-13 00:00:00.000,2011-03-05 00:00:00.000
95,2010-05-26 00:00:00.000,3,Catfish,1510.0,1400.0,20383.0,?,2010-05-27 00:00:00.000,2011-04-10 00:00:00.000
96,2010-05-26 00:00:00.000,3,Catfish,1170.0,1095.0,10735.0,?,2010-05-26 00:00:00.000,2010-07-06 00:00:00.000
99,2010-05-27 00:00:00.000,2,Mirror carp,921.0,805.0,15183.0,?,2010-05-29 00:00:00.000,2011-11-07 00:00:00.000
100,2010-05-28 00:00:00.000,2,Mirror carp,832.0,725.0,10338.0,male,2010-05-28 00:00:00.000,2012-05-18 00:00:00.000
98,2010-06-11 00:00:00.000,2,Mirror carp,920.0,792.0,12501.0,?,2010-06-11 00:00:00.000,2012-01-14 00:00:00.000
81,2010-06-11 00:00:00.000,5,Pike,605.0,531.0,1094.0,female,,
97,2010-07-23 00:00:00.000,3,Catfish,1450.0,1360.0,20140.0,?,2010-07-23 00:00:00.000,2011-06-25 00:00:00.000
92,2010-09-29 00:00:00.000,3,Catfish,1200.0,1115.0,10841.0,?,2010-09-29 00:00:00.000,2011-11-16 00:00:00.000
93,2010-09-29 00:00:00.000,3,Catfish,1284.0,1190.0,13756.0,?,2010-09-29 00:00:00.000,2011-10-03 00:00:00.000
90,2010-09-29 00:00:00.000,3,Catfish,1333.0,1241.0,16015.0,female,2010-09-29 00:00:00.000,2011-07-03 00:00:00.000
91,2010-09-29 00:00:00.000,3,Catfish,1224.0,1121.0,11032.0,?,2010-09-29 00:00:00.000,2011-11-16 00:00:00.000
94,2010-09-29 00:00:00.000,3,Catfish,1241.0,1153.0,10842.0,?,2010-09-29 00:00:00.000,2011-11-16 00:00:00.000
89,2010-11-15 00:00:00.000,3,Catfish,1111.0,1012.0,8240.0,?,2010-11-15 00:00:00.000,2012-09-20 00:00:00.000
86,2010-11-15 00:00:00.000,3,Catfish,1113.0,1018.0,9010.0,?,2010-11-15 00:00:00.000,2011-06-12 00:00:00.000
85,2010-11-15 00:00:00.000,3,Catfish,1002.0,888.0,7960.0,?,2010-11-15 00:00:00.000,2011-11-16 00:00:00.000
87,2010-11-15 00:00:00.000,3,Catfish,938.0,875.0,6810.0,?,2010-11-15 00:00:00.000,2011-11-14 00:00:00.000
88,2010-11-15 00:00:00.000,3,Catfish,1078.0,983.0,9960.0,?,2010-11-15 00:00:00.000,2012-01-11 00:00:00.000
236,2011-05-26 00:00:00.000,5,Pike,504.0,445.0,807.0,female,2011-05-27 00:00:00.000,2012-06-03 00:00:00.000
242,2011-05-26 00:00:00.000,5,Pike,437.0,386.0,412.0,female,2011-06-02 00:00:00.000,2011-10-31 00:00:00.000
185,2011-05-27 00:00:00.000,5,Pike,671.0,590.0,1693.0,female,2011-10-18 00:00:00.000,2014-07-31 00:00:00.000
256,2011-05-27 00:00:00.000,5,Pike,446.0,394.0,490.0,female (?),2011-05-28 00:00:00.000,2011-06-11 00:00:00.000
231,2011-05-27 00:00:00.000,5,Pike,478.0,424.0,630.0,female,2011-05-28 00:00:00.000,2012-04-22 00:00:00.000
253,2011-05-27 00:00:00.000,5,Pike,528.0,465.0,846.0,female,2011-05-28 00:00:00.000,2012-10-02 00:00:00.000
227,2011-05-27 00:00:00.000,5,Pike,409.0,364.0,419.0,male,2011-09-19 00:00:00.000,2013-05-14 00:00:00.000
104,2011-05-28 00:00:00.000,5,Pike,451.0,398.0,509.0,female,2011-05-29 00:00:00.000,2012-10-10 00:00:00.000
124,2011-05-28 00:00:00.000,5,Pike,438.0,385.0,583.0,male,2012-01-29 00:00:00.000,2012-04-13 00:00:00.000
239,2011-05-28 00:00:00.000,5,Pike,436.0,378.0,453.0,female,2011-05-28 00:00:00.000,2013-03-30 00:00:00.000
213,2011-05-28 00:00:00.000,5,Pike,455.0,400.0,516.0,female,2011-10-18 00:00:00.000,2013-12-08 00:00:00.000
182,2011-05-28 00:00:00.000,5,Pike,470.0,416.0,576.0,female,2011-09-20 00:00:00.000,2012-04-01 00:00:00.000
246,2011-05-28 00:00:00.000,5,Pike,651.0,583.0,1750.0,female,2011-09-18 00:00:00.000,2013-04-14 00:00:00.000
226,2011-05-29 00:00:00.000,5,Pike,469.0,417.0,551.0,male,2011-05-26 00:00:00.000,2011-07-16 00:00:00.000
106,2011-05-29 00:00:00.000,5,Pike,415.0,360.0,416.0,male,2011-10-31 00:00:00.000,2012-06-05 00:00:00.000
102,2011-05-29 00:00:00.000,5,Pike,464.0,411.0,546.0,female,,
244,2011-05-29 00:00:00.000,5,Pike,465.0,407.0,572.0,female,2011-05-28 00:00:00.000,2012-04-13 00:00:00.000
114,2011-05-31 00:00:00.000,5,Pike,585.0,513.0,1205.0,female,2011-10-18 00:00:00.000,2011-11-16 00:00:00.000
238,2011-06-05 00:00:00.000,5,Pike,498.0,439.0,673.0,female,2011-05-29 00:00:00.000,2013-01-28 00:00:00.000
250,2011-06-05 00:00:00.000,5,Pike,432.0,378.0,442.0,female,2012-01-21 00:00:00.000,2013-04-13 00:00:00.000
101,2011-06-08 00:00:00.000,5,Pike,535.0,468.0,872.0,female,2011-06-16 00:00:00.000,2013-12-08 00:00:00.000
241,2011-06-08 00:00:00.000,5,Pike,469.0,0.0,578.0,female,2011-06-10 00:00:00.000,2013-10-23 00:00:00.000
243,2011-06-16 00:00:00.000,5,Pike,445.0,399.0,440.0,female,2011-06-27 00:00:00.000,2013-10-23 00:00:00.000
234,2011-06-16 00:00:00.000,5,Pike,453.0,399.0,442.0,female,2011-06-27 00:00:00.000,2011-08-04 00:00:00.000
260,2011-06-16 00:00:00.000,5,Pike,572.0,505.0,998.0,male,2011-07-01 00:00:00.000,2013-06-27 00:00:00.000
252,2011-09-13 00:00:00.000,5,Pike,619.0,551.0,1371.0,female,2011-09-29 00:00:00.000,2013-09-30 00:00:00.000
107,2011-09-13 00:00:00.000,5,Pike,451.0,397.0,491.0,female,,
113,2011-09-13 00:00:00.000,5,Pike,405.0,354.0,390.0,female,2011-10-29 00:00:00.000,2013-12-02 00:00:00.000
229,2011-09-15 00:00:00.000,5,Pike,444.0,391.0,409.0,female,,
105,2011-09-16 00:00:00.000,5,Pike,442.0,0.0,471.0,female,2011-09-29 00:00:00.000,2012-03-27 00:00:00.000
110,2011-09-16 00:00:00.000,5,Pike,418.0,364.0,427.0,female,,
220,2011-09-16 00:00:00.000,5,Pike,571.0,510.0,1134.0,female,2011-10-18 00:00:00.000,2012-03-10 00:00:00.000
190,2011-09-16 00:00:00.000,5,Pike,455.0,392.0,505.0,female,2011-10-18 00:00:00.000,2011-11-23 00:00:00.000
125,2011-10-17 00:00:00.000,5,Pike,474.0,410.0,681.0,female,2011-10-18 00:00:00.000,2012-04-22 00:00:00.000
232,2011-10-17 00:00:00.000,5,Pike,457.0,403.0,559.0,female,2011-10-17 00:00:00.000,2014-08-20 00:00:00.000
247,2011-10-17 00:00:00.000,5,Pike,449.0,394.0,452.0,female,2011-10-18 00:00:00.000,2012-01-16 00:00:00.000
129,2011-10-17 00:00:00.000,5,Pike,420.0,365.0,440.0,male,2011-10-18 00:00:00.000,2012-04-12 00:00:00.000
204,2011-10-17 00:00:00.000,5,Pike,504.0,444.0,648.0,female,2011-10-18 00:00:00.000,2011-10-20 00:00:00.000
151,2011-10-17 00:00:00.000,5,Pike,388.0,337.0,314.0,male,2011-10-18 00:00:00.000,2012-04-17 00:00:00.000
162,2011-10-17 00:00:00.000,5,Pike,513.0,446.0,814.0,male,2011-10-18 00:00:00.000,2013-03-19 00:00:00.000
137,2011-10-17 00:00:00.000,5,Pike,617.0,552.0,1474.0,female,2011-10-18 00:00:00.000,2012-05-07 00:00:00.000
120,2011-10-17 00:00:00.000,5,Pike,467.0,412.0,467.0,female,2011-10-18 00:00:00.000,2013-12-08 00:00:00.000
179,2011-10-17 00:00:00.000,5,Pike,674.0,598.0,1525.0,female,2011-10-18 00:00:00.000,2013-07-14 00:00:00.000
209,2011-10-17 00:00:00.000,5,Pike,530.0,465.0,802.0,female,2011-10-18 00:00:00.000,2012-03-14 00:00:00.000
150,2011-10-17 00:00:00.000,5,Pike,450.0,392.0,537.0,male,2011-10-18 00:00:00.000,2012-04-04 00:00:00.000
158,2011-10-17 00:00:00.000,5,Pike,534.0,465.0,904.0,male,2011-10-18 00:00:00.000,2012-03-06 00:00:00.000
251,2011-10-17 00:00:00.000,5,Pike,575.0,508.0,1112.0,female,2011-10-18 00:00:00.000,2013-06-03 00:00:00.000
195,2011-10-17 00:00:00.000,5,Pike,445.0,385.0,487.0,male,2011-10-18 00:00:00.000,2012-04-14 00:00:00.000
175,2011-10-17 00:00:00.000,5,Pike,388.0,336.0,319.0,female,2011-10-18 00:00:00.000,2012-03-21 00:00:00.000
122,2011-10-17 00:00:00.000,5,Pike,392.0,338.0,330.0,female,2011-10-18 00:00:00.000,2011-12-14 00:00:00.000
180,2011-10-17 00:00:00.000,5,Pike,450.0,396.0,520.0,female,2011-10-18 00:00:00.000,2012-01-27 00:00:00.000
127,2011-10-17 00:00:00.000,5,Pike,520.0,458.0,520.0,female,2011-10-18 00:00:00.000,2013-12-08 00:00:00.000
119,2011-10-17 00:00:00.000,5,Pike,428.0,369.0,417.0,male,2011-10-18 00:00:00.000,2013-12-08 00:00:00.000
117,2011-10-17 00:00:00.000,5,Pike,412.0,357.0,348.0,female,2011-10-18 00:00:00.000,2011-11-22 00:00:00.000
136,2011-10-17 00:00:00.000,5,Pike,505.0,445.0,828.0,male,2011-10-18 00:00:00.000,2013-12-08 00:00:00.000
218,2011-10-17 00:00:00.000,5,Pike,415.0,360.0,389.0,female,2011-10-18 00:00:00.000,2011-11-16 00:00:00.000
196,2011-10-17 00:00:00.000,5,Pike,448.0,392.0,503.0,female,2011-10-18 00:00:00.000,2013-11-11 00:00:00.000
230,2011-10-17 00:00:00.000,5,Pike,397.0,348.0,369.0,male,2011-10-18 00:00:00.000,2011-12-03 00:00:00.000
155,2011-10-17 00:00:00.000,5,Pike,557.0,494.0,1201.0,male,2011-10-18 00:00:00.000,2012-04-26 00:00:00.000
214,2011-10-17 00:00:00.000,5,Pike,417.0,370.0,417.0,male,2011-10-18 00:00:00.000,2012-04-08 00:00:00.000
149,2011-10-17 00:00:00.000,5,Pike,520.0,454.0,748.0,male,2011-10-18 00:00:00.000,2013-10-06 00:00:00.000
205,2011-10-17 00:00:00.000,5,Pike,577.0,504.0,1274.0,male,2011-10-18 00:00:00.000,2013-12-08 00:00:00.000
197,2011-10-17 00:00:00.000,5,Pike,528.0,461.0,819.0,female,2011-10-18 00:00:00.000,2013-12-08 00:00:00.000
187,2011-10-17 00:00:00.000,5,Pike,495.0,430.0,720.0,male,2011-10-18 00:00:00.000,2011-11-16 00:00:00.000
191,2011-10-17 00:00:00.000,5,Pike,425.0,374.0,443.0,female,2011-10-18 00:00:00.000,2012-04-13 00:00:00.000
249,2011-10-17 00:00:00.000,5,Pike,588.0,528.0,1218.0,female,2011-10-18 00:00:00.000,2012-05-24 00:00:00.000
135,2011-10-17 00:00:00.000,5,Pike,361.0,316.0,274.0,male,2011-10-18 00:00:00.000,2011-11-15 00:00:00.000
126,2011-10-17 00:00:00.000,5,Pike,406.0,351.0,404.0,male,2011-10-18 00:00:00.000,2014-08-28 00:00:00.000
132,2011-10-17 00:00:00.000,5,Pike,544.0,477.0,694.0,female,2011-10-18 00:00:00.000,2012-03-08 00:00:00.000
131,2011-10-17 00:00:00.000,5,Pike,412.0,359.0,436.0,female,2011-10-18 00:00:00.000,2012-08-07 00:00:00.000
178,2011-10-17 00:00:00.000,5,Pike,441.0,381.0,418.0,female,2011-10-18 00:00:00.000,2013-12-08 00:00:00.000
255,2011-10-17 00:00:00.000,5,Pike,483.0,426.0,568.0,female,2011-10-18 00:00:00.000,2011-11-16 00:00:00.000
142,2011-10-17 00:00:00.000,5,Pike,452.0,393.0,533.0,female,2011-10-18 00:00:00.000,2014-06-20 00:00:00.000
224,2011-10-17 00:00:00.000,5,Pike,445.0,388.0,465.0,female,2011-10-18 00:00:00.000,2013-12-08 00:00:00.000
160,2011-10-17 00:00:00.000,5,Pike,396.0,343.0,378.0,female,2011-10-18 00:00:00.000,2013-12-08 00:00:00.000
203,2011-10-17 00:00:00.000,5,Pike,398.0,342.0,338.0,female,2011-10-18 00:00:00.000,2011-11-13 00:00:00.000
134,2011-10-17 00:00:00.000,5,Pike,394.0,344.0,311.0,male,2011-10-18 00:00:00.000,2011-11-06 00:00:00.000
146,2011-10-17 00:00:00.000,5,Pike,451.0,392.0,509.0,female,2011-10-18 00:00:00.000,2011-11-15 00:00:00.000
143,2011-10-17 00:00:00.000,5,Pike,502.0,437.0,699.0,female,2011-10-18 00:00:00.000,2012-03-14 00:00:00.000
192,2011-10-17 00:00:00.000,5,Pike,590.0,517.0,1159.0,male,2011-10-18 00:00:00.000,2014-06-22 00:00:00.000
193,2011-10-17 00:00:00.000,5,Pike,364.0,316.0,275.0,female,2011-10-18 00:00:00.000,2011-10-25 00:00:00.000
167,2011-10-17 00:00:00.000,5,Pike,387.0,337.0,294.0,female,2011-10-18 00:00:00.000,2013-04-14 00:00:00.000
235,2011-10-17 00:00:00.000,5,Pike,546.0,479.0,770.0,female,2011-10-18 00:00:00.000,2012-01-14 00:00:00.000
248,2011-10-17 00:00:00.000,5,Pike,527.0,478.0,866.0,female,2011-10-18 00:00:00.000,2012-06-16 00:00:00.000
145,2011-10-17 00:00:00.000,5,Pike,469.0,409.0,556.0,female,2011-10-18 00:00:00.000,2013-10-07 00:00:00.000
207,2011-10-17 00:00:00.000,5,Pike,431.0,380.0,427.0,female,2011-10-18 00:00:00.000,2013-03-19 00:00:00.000
163,2011-10-17 00:00:00.000,5,Pike,468.0,407.0,542.0,female,2011-10-18 00:00:00.000,2013-12-08 00:00:00.000
159,2011-10-17 00:00:00.000,5,Pike,507.0,438.0,770.0,female,2011-10-18 00:00:00.000,2012-03-30 00:00:00.000
186,2011-10-17 00:00:00.000,5,Pike,379.0,330.0,297.0,female,2011-10-18 00:00:00.000,2011-12-27 00:00:00.000
177,2011-10-17 00:00:00.000,5,Pike,565.0,496.0,879.0,female,2011-10-18 00:00:00.000,2011-12-11 00:00:00.000
141,2011-10-17 00:00:00.000,5,Pike,567.0,498.0,1041.0,male,2011-10-18 00:00:00.000,2012-04-26 00:00:00.000
138,2011-10-17 00:00:00.000,5,Pike,419.0,366.0,419.0,male,2011-10-18 00:00:00.000,2013-12-08 00:00:00.000
103,2011-10-17 00:00:00.000,5,Pike,483.0,427.0,646.0,female,2011-10-18 00:00:00.000,2012-05-03 00:00:00.000
115,2011-10-17 00:00:00.000,5,Pike,445.0,319.0,521.0,male,2011-10-18 00:00:00.000,2012-04-18 00:00:00.000
148,2011-10-17 00:00:00.000,5,Pike,488.0,429.0,654.0,female,2011-10-18 00:00:00.000,2012-04-05 00:00:00.000
211,2011-10-17 00:00:00.000,5,Pike,656.0,578.0,1459.0,female,2011-10-18 00:00:00.000,2012-04-22 00:00:00.000
174,2011-10-17 00:00:00.000,5,Pike,477.0,422.0,584.0,female,2011-10-18 00:00:00.000,2013-04-06 00:00:00.000
153,2011-10-17 00:00:00.000,5,Pike,466.0,406.0,617.0,female,2011-10-18 00:00:00.000,2012-04-19 00:00:00.000
200,2011-10-17 00:00:00.000,5,Pike,447.0,392.0,541.0,male,2011-10-18 00:00:00.000,2013-04-22 00:00:00.000
222,2011-10-17 00:00:00.000,5,Pike,702.0,620.0,1725.0,female,2011-10-18 00:00:00.000,2013-09-13 00:00:00.000
123,2011-10-17 00:00:00.000,5,Pike,455.0,408.0,561.0,female,2011-10-18 00:00:00.000,2012-05-02 00:00:00.000
139,2011-10-17 00:00:00.000,5,Pike,642.0,568.0,1311.0,male,2011-10-18 00:00:00.000,2012-03-10 00:00:00.000
140,2011-10-17 00:00:00.000,5,Pike,506.0,445.0,764.0,female,2011-10-18 00:00:00.000,2011-12-11 00:00:00.000
189,2011-10-17 00:00:00.000,5,Pike,510.0,448.0,751.0,female,2011-10-18 00:00:00.000,2011-10-30 00:00:00.000
233,2011-10-17 00:00:00.000,5,Pike,399.0,347.0,396.0,male,2011-10-18 00:00:00.000,2012-04-12 00:00:00.000
206,2011-10-17 00:00:00.000,5,Pike,473.0,420.0,523.0,female,2011-10-18 00:00:00.000,2012-02-21 00:00:00.000
111,2011-10-17 00:00:00.000,5,Pike,462.0,404.0,498.0,female,2011-10-18 00:00:00.000,2011-11-16 00:00:00.000
237,2011-10-17 00:00:00.000,5,Pike,416.0,361.0,396.0,male,2011-10-18 00:00:00.000,2012-04-09 00:00:00.000
225,2011-10-17 00:00:00.000,5,Pike,465.0,400.0,537.0,female,2011-10-18 00:00:00.000,2012-05-06 00:00:00.000
199,2011-10-17 00:00:00.000,5,Pike,533.0,461.0,847.0,female,2011-10-18 00:00:00.000,2011-11-09 00:00:00.000
152,2011-10-17 00:00:00.000,5,Pike,399.0,345.0,348.0,male,2011-10-18 00:00:00.000,2012-04-10 00:00:00.000
245,2011-10-17 00:00:00.000,5,Pike,438.0,383.0,475.0,male,2011-10-18 00:00:00.000,2012-04-19 00:00:00.000
181,2011-10-17 00:00:00.000,5,Pike,515.0,451.0,515.0,male,2011-10-18 00:00:00.000,2011-10-31 00:00:00.000
166,2011-10-17 00:00:00.000,5,Pike,447.0,388.0,484.0,female,2011-10-18 00:00:00.000,2013-12-08 00:00:00.000
254,2011-10-17 00:00:00.000,5,Pike,492.0,433.0,699.0,male,2011-10-18 00:00:00.000,2013-03-23 00:00:00.000
112,2011-10-17 00:00:00.000,5,Pike,536.0,473.0,1007.0,female,2011-10-18 00:00:00.000,2012-07-06 00:00:00.000
201,2011-10-17 00:00:00.000,5,Pike,443.0,382.0,539.0,female,2011-10-18 00:00:00.000,2012-09-30 00:00:00.000
176,2011-10-17 00:00:00.000,5,Pike,415.0,356.0,417.0,female,2011-10-18 00:00:00.000,2012-03-25 00:00:00.000
169,2011-10-17 00:00:00.000,5,Pike,402.0,345.0,340.0,female,2011-10-18 00:00:00.000,2011-12-30 00:00:00.000
221,2011-10-17 00:00:00.000,5,Pike,444.0,388.0,525.0,female,2011-10-18 00:00:00.000,2012-04-22 00:00:00.000
147,2011-10-17 00:00:00.000,5,Pike,417.0,407.0,573.0,female,2011-10-18 00:00:00.000,2012-03-30 00:00:00.000
210,2011-10-17 00:00:00.000,5,Pike,627.0,550.0,1372.0,female,2011-10-18 00:00:00.000,2013-12-08 00:00:00.000
161,2011-10-17 00:00:00.000,5,Pike,397.0,340.0,331.0,male,2011-10-18 00:00:00.000,2013-12-07 00:00:00.000
108,2011-10-17 00:00:00.000,5,Pike,460.0,408.0,575.0,female,2011-10-18 00:00:00.000,2013-12-05 00:00:00.000
157,2011-10-17 00:00:00.000,5,Pike,523.0,459.0,523.0,female,2011-10-18 00:00:00.000,2013-12-08 00:00:00.000
154,2011-10-17 00:00:00.000,5,Pike,435.0,376.0,516.0,male,2011-10-18 00:00:00.000,2013-07-02 00:00:00.000
215,2011-10-17 00:00:00.000,5,Pike,570.0,497.0,570.0,female,2011-10-18 00:00:00.000,2011-11-09 00:00:00.000
173,2011-10-17 00:00:00.000,5,Pike,494.0,432.0,704.0,female,2011-10-18 00:00:00.000,2013-04-14 00:00:00.000
188,2011-10-17 00:00:00.000,5,Pike,393.0,334.0,398.0,male,2011-10-18 00:00:00.000,2011-10-31 00:00:00.000
164,2011-10-17 00:00:00.000,5,Pike,622.0,547.0,1387.0,male,2011-10-18 00:00:00.000,2014-07-31 00:00:00.000
133,2011-10-17 00:00:00.000,5,Pike,409.0,357.0,426.0,male,2011-10-18 00:00:00.000,2012-04-02 00:00:00.000
172,2011-10-17 00:00:00.000,5,Pike,387.0,335.0,387.0,male,2011-10-18 00:00:00.000,2012-06-05 00:00:00.000
183,2011-10-17 00:00:00.000,5,Pike,455.0,397.0,561.0,female,2011-10-18 00:00:00.000,2012-03-14 00:00:00.000
184,2011-10-17 00:00:00.000,5,Pike,424.0,366.0,438.0,male,2011-10-18 00:00:00.000,2011-11-30 00:00:00.000
170,2011-10-17 00:00:00.000,5,Pike,427.0,372.0,392.0,female,2011-10-18 00:00:00.000,2011-11-22 00:00:00.000
118,2011-10-17 00:00:00.000,5,Pike,406.0,369.0,433.0,male,2011-10-18 00:00:00.000,2012-05-08 00:00:00.000
130,2011-10-17 00:00:00.000,5,Pike,565.0,495.0,1007.0,female,2011-10-18 00:00:00.000,2013-12-07 00:00:00.000
128,2011-10-17 00:00:00.000,5,Pike,471.0,413.0,606.0,female,2011-10-18 00:00:00.000,2012-04-06 00:00:00.000
240,2011-10-17 00:00:00.000,5,Pike,572.0,514.0,1090.0,female,2011-10-18 00:00:00.000,2014-07-29 00:00:00.000
223,2011-10-17 00:00:00.000,5,Pike,637.0,567.0,1213.0,female,2011-10-18 00:00:00.000,2011-11-01 00:00:00.000
217,2011-10-17 00:00:00.000,5,Pike,450.0,393.0,467.0,female,2011-10-18 00:00:00.000,2011-11-04 00:00:00.000
212,2011-10-17 00:00:00.000,5,Pike,456.0,399.0,522.0,female,2011-10-18 00:00:00.000,2012-03-05 00:00:00.000
216,2011-10-17 00:00:00.000,5,Pike,467.0,407.0,455.0,female,2011-10-18 00:00:00.000,2011-11-07 00:00:00.000
202,2011-10-17 00:00:00.000,5,Pike,389.0,338.0,361.0,male,2011-10-18 00:00:00.000,2013-11-13 00:00:00.000
144,2011-10-17 00:00:00.000,5,Pike,497.0,434.0,497.0,female,2011-10-18 00:00:00.000,2013-04-03 00:00:00.000
156,2011-10-17 00:00:00.000,5,Pike,560.0,490.0,1018.0,female,2011-10-19 00:00:00.000,2012-08-06 00:00:00.000
109,2011-10-17 00:00:00.000,5,Pike,433.0,376.0,430.0,female,2011-10-19 00:00:00.000,2012-05-04 00:00:00.000
219,2011-10-17 00:00:00.000,5,Pike,539.0,467.0,829.0,female,2011-10-19 00:00:00.000,2012-05-14 00:00:00.000
121,2011-10-17 00:00:00.000,5,Pike,653.0,574.0,1660.0,female,2011-10-20 00:00:00.000,2012-04-08 00:00:00.000
194,2011-10-17 00:00:00.000,5,Pike,383.0,332.0,322.0,male,2011-10-22 00:00:00.000,2012-03-20 00:00:00.000
208,2011-10-17 00:00:00.000,5,Pike,475.0,412.0,624.0,female,2011-10-22 00:00:00.000,2012-04-16 00:00:00.000
116,2011-10-17 00:00:00.000,5,Pike,492.0,434.0,722.0,female,2011-10-27 00:00:00.000,2013-12-08 00:00:00.000
228,2011-10-17 00:00:00.000,5,Pike,460.0,404.0,534.0,female,2011-11-02 00:00:00.000,2012-06-05 00:00:00.000
198,2011-10-17 00:00:00.000,5,Pike,447.0,387.0,486.0,female,2011-11-18 00:00:00.000,2013-09-12 00:00:00.000
259,2011-10-17 00:00:00.000,5,Pike,494.0,437.0,702.0,female,2011-11-19 00:00:00.000,2012-06-01 00:00:00.000
168,2011-10-17 00:00:00.000,5,Pike,382.0,332.0,302.0,male,2011-11-24 00:00:00.000,2011-12-22 00:00:00.000
165,2011-10-17 00:00:00.000,5,Pike,383.0,333.0,383.0,female,2012-01-28 00:00:00.000,2012-04-25 00:00:00.000
257,2011-10-17 00:00:00.000,5,Pike,545.0,487.0,765.0,female,,
258,2011-10-17 00:00:00.000,5,Pike,523.0,457.0,812.0,female,,
171,2011-10-17 00:00:00.000,5,Pike,630.0,554.0,1463.0,male,,
3003,2013-10-21 00:00:00.000,5,Pike,549.0,484.0,926.0,female,2013-11-11 00:00:00.000,2014-12-07 00:00:00.000
3001,2013-10-23 00:00:00.000,5,Pike,534.0,472.0,883.0,female,2013-11-11 00:00:00.000,2016-03-09 00:00:00.000
3002,2013-10-24 00:00:00.000,5,Pike,616.0,538.0,1449.0,female,2013-11-11 00:00:00.000,2013-12-08 00:00:00.000
3000,2013-10-28 00:00:00.000,5,Pike,608.0,531.0,1333.0,female,2013-11-11 00:00:00.000,2016-03-31 00:00:00.000
2109,2014-06-12 00:00:00.000,1,Scaled carp,478.0,398.0,1659.0,?,,
2098,2014-06-12 00:00:00.000,1,Scaled carp,557.0,456.0,3057.0,?,,
2083,2014-06-12 00:00:00.000,1,Scaled carp,510.0,424.0,2657.0,?,,
2058,2014-06-12 00:00:00.000,1,Scaled carp,520.0,440.0,2343.0,?,2014-06-12 00:00:00.000,2014-07-03 00:00:00.000
2064,2014-06-12 00:00:00.000,1,Scaled carp,452.0,378.0,1451.0,?,,
2078,2014-06-12 00:00:00.000,1,Scaled carp,455.0,378.0,1574.0,?,2014-06-12 00:00:00.000,2014-06-16 00:00:00.000
2086,2014-06-12 00:00:00.000,1,Scaled carp,527.0,437.0,2302.0,?,2014-06-12 00:00:00.000,2014-06-20 00:00:00.000
2099,2014-06-12 00:00:00.000,1,Scaled carp,444.0,371.0,1520.0,?,2014-06-12 00:00:00.000,2014-06-22 00:00:00.000
2091,2014-06-12 00:00:00.000,1,Scaled carp,540.0,453.0,3227.0,?,2014-06-12 00:00:00.000,2016-03-31 00:00:00.000
2067,2014-06-12 00:00:00.000,1,Scaled carp,548.0,455.0,2865.0,?,2014-06-12 00:00:00.000,2014-08-08 00:00:00.000
2068,2014-06-12 00:00:00.000,1,Scaled carp,480.0,396.0,1876.0,?,2014-06-13 00:00:00.000,2014-06-26 00:00:00.000
2093,2014-06-12 00:00:00.000,1,Scaled carp,455.0,387.0,1567.0,?,2014-06-13 00:00:00.000,2014-06-14 00:00:00.000
2103,2014-06-12 00:00:00.000,1,Scaled carp,446.0,370.0,1680.0,?,2014-06-12 00:00:00.000,2014-06-14 00:00:00.000
2087,2014-06-12 00:00:00.000,1,Scaled carp,521.0,429.0,2411.0,?,,
2084,2014-06-12 00:00:00.000,1,Scaled carp,497.0,421.0,2142.0,?,,
2096,2014-06-12 00:00:00.000,1,Scaled carp,635.0,537.0,3124.0,?,2014-06-13 00:00:00.000,2014-07-27 00:00:00.000
2105,2014-06-12 00:00:00.000,1,Scaled carp,527.0,440.0,1791.0,?,2014-06-13 00:00:00.000,2016-03-31 00:00:00.000
2070,2014-06-12 00:00:00.000,1,Scaled carp,591.0,487.0,3135.0,?,2014-06-13 00:00:00.000,2014-06-24 00:00:00.000
2076,2014-06-12 00:00:00.000,1,Scaled carp,469.0,382.0,1794.0,?,2014-06-12 00:00:00.000,2016-03-31 00:00:00.000
2101,2014-06-12 00:00:00.000,1,Scaled carp,458.0,375.0,1647.0,?,2014-06-13 00:00:00.000,2016-03-31 00:00:00.000
2073,2014-06-12 00:00:00.000,1,Scaled carp,619.0,524.0,4417.0,?,2014-06-13 00:00:00.000,2014-08-30 00:00:00.000
2094,2014-06-12 00:00:00.000,1,Scaled carp,518.0,434.0,2833.0,?,2014-06-13 00:00:00.000,2014-07-02 00:00:00.000
2080,2014-06-12 00:00:00.000,1,Scaled carp,409.0,344.0,1140.0,?,2014-06-13 00:00:00.000,2014-06-20 00:00:00.000
2075,2014-06-12 00:00:00.000,1,Scaled carp,563.0,478.0,2915.0,?,2014-06-13 00:00:00.000,2016-03-31 00:00:00.000
2081,2014-06-12 00:00:00.000,1,Scaled carp,528.0,453.0,2203.0,?,2014-06-13 00:00:00.000,2014-06-27 00:00:00.000
2088,2014-06-12 00:00:00.000,1,Scaled carp,570.0,467.0,3029.0,?,2014-06-13 00:00:00.000,2014-06-22 00:00:00.000
2090,2014-06-12 00:00:00.000,1,Scaled carp,455.0,382.0,1628.0,?,2014-06-13 00:00:00.000,2014-06-26 00:00:00.000
2089,2014-06-12 00:00:00.000,1,Scaled carp,574.0,472.0,3075.0,?,2014-06-13 00:00:00.000,2014-06-18 00:00:00.000
2063,2014-06-12 00:00:00.000,1,Scaled carp,523.0,483.0,2547.0,?,2014-06-13 00:00:00.000,2014-06-28 00:00:00.000
2095,2014-06-12 00:00:00.000,1,Scaled carp,434.0,366.0,1354.0,?,2014-06-13 00:00:00.000,2016-03-31 00:00:00.000
2097,2014-06-12 00:00:00.000,1,Scaled carp,509.0,418.0,2450.0,?,2014-06-13 00:00:00.000,2014-10-11 00:00:00.000
2056,2014-06-12 00:00:00.000,1,Scaled carp,620.0,510.0,4431.0,?,2014-06-13 00:00:00.000,2014-06-29 00:00:00.000
2108,2014-06-12 00:00:00.000,1,Scaled carp,555.0,485.0,3170.0,?,2014-06-13 00:00:00.000,2016-03-31 00:00:00.000
2059,2014-06-12 00:00:00.000,1,Scaled carp,535.0,448.0,3039.0,?,2014-06-13 00:00:00.000,2014-07-22 00:00:00.000
2065,2014-06-12 00:00:00.000,1,Scaled carp,498.0,407.0,2050.0,?,2014-06-13 00:00:00.000,2014-06-26 00:00:00.000
2092,2014-06-12 00:00:00.000,1,Scaled carp,477.0,397.0,1775.0,?,2014-06-13 00:00:00.000,2015-04-07 00:00:00.000
2077,2014-06-12 00:00:00.000,1,Scaled carp,473.0,390.0,2451.0,?,2014-06-13 00:00:00.000,2016-03-31 00:00:00.000
2082,2014-06-12 00:00:00.000,1,Scaled carp,550.0,469.0,2839.0,?,2014-06-12 00:00:00.000,2014-06-25 00:00:00.000
2069,2014-06-12 00:00:00.000,1,Scaled carp,532.0,439.0,2964.0,?,2014-07-09 00:00:00.000,2014-08-02 00:00:00.000
2104,2014-06-12 00:00:00.000,1,Scaled carp,519.0,438.0,2041.0,?,2014-06-12 00:00:00.000,2016-03-31 00:00:00.000
2100,2014-06-12 00:00:00.000,1,Scaled carp,467.0,395.0,1617.0,?,2014-06-12 00:00:00.000,2014-06-12 00:00:00.000
2085,2014-06-12 00:00:00.000,1,Scaled carp,559.0,460.0,3357.0,?,,
2102,2014-06-12 00:00:00.000,1,Scaled carp,545.0,462.0,2383.0,?,,
2071,2014-06-12 00:00:00.000,1,Scaled carp,522.0,432.0,2439.0,?,2014-07-17 00:00:00.000,2015-04-27 00:00:00.000
2110,2014-06-12 00:00:00.000,1,Scaled carp,557.0,467.0,2892.0,?,2014-06-12 00:00:00.000,2014-06-24 00:00:00.000
2107,2014-06-12 00:00:00.000,1,Scaled carp,608.0,505.0,3310.0,?,2014-06-12 00:00:00.000,2014-10-10 00:00:00.000
2066,2014-06-12 00:00:00.000,1,Scaled carp,580.0,482.0,3166.0,?,2014-06-12 00:00:00.000,2014-06-21 00:00:00.000
2072,2014-06-12 00:00:00.000,1,Scaled carp,475.0,404.0,1879.0,?,2014-06-12 00:00:00.000,2014-06-24 00:00:00.000
2057,2014-06-12 00:00:00.000,1,Scaled carp,556.0,480.0,2756.0,?,2014-06-12 00:00:00.000,2014-06-19 00:00:00.000
2074,2014-06-12 00:00:00.000,1,Scaled carp,481.0,397.0,1803.0,?,2014-06-12 00:00:00.000,2014-06-27 00:00:00.000
2106,2014-06-12 00:00:00.000,1,Scaled carp,508.0,435.0,2213.0,?,2014-06-12 00:00:00.000,2015-07-15 00:00:00.000
2079,2014-06-12 00:00:00.000,1,Scaled carp,416.0,347.0,1164.0,?,2014-06-12 00:00:00.000,2014-06-25 00:00:00.000
2060,2014-06-12 00:00:00.000,1,Scaled carp,579.0,498.0,3166.0,?,2014-06-12 00:00:00.000,2014-06-28 00:00:00.000
2061,2014-06-12 00:00:00.000,1,Scaled carp,470.0,395.0,1968.0,?,2014-06-12 00:00:00.000,2014-06-24 00:00:00.000
2062,2014-06-12 00:00:00.000,1,Scaled carp,626.0,544.0,4498.0,?,2014-06-12 00:00:00.000,2014-06-28 00:00:00.000
2136,2014-06-13 00:00:00.000,1,Scaled carp,584.0,491.0,3164.0,?,2014-06-13 00:00:00.000,2014-06-19 00:00:00.000
2121,2014-06-13 00:00:00.000,1,Scaled carp,644.0,552.0,4779.0,?,2014-06-13 00:00:00.000,2016-03-31 00:00:00.000
2114,2014-06-13 00:00:00.000,2,Mirror carp,567.0,474.0,3002.0,?,2014-06-13 00:00:00.000,2014-07-26 00:00:00.000
2115,2014-06-13 00:00:00.000,1,Scaled carp,643.0,535.0,4127.0,?,2014-06-13 00:00:00.000,2015-06-12 00:00:00.000
2144,2014-06-13 00:00:00.000,1,Scaled carp,492.0,413.0,1783.0,?,2014-06-13 00:00:00.000,2016-03-31 00:00:00.000
2133,2014-06-13 00:00:00.000,1,Scaled carp,545.0,545.0,2279.0,?,2014-06-13 00:00:00.000,2014-07-10 00:00:00.000
2117,2014-06-13 00:00:00.000,1,Scaled carp,573.0,481.0,3323.0,?,2014-06-13 00:00:00.000,2016-03-31 00:00:00.000
2146,2014-06-13 00:00:00.000,1,Scaled carp,534.0,541.0,2419.0,?,2014-06-13 00:00:00.000,2014-06-16 00:00:00.000
2123,2014-06-13 00:00:00.000,1,Scaled carp,619.0,523.0,4037.0,?,2014-06-13 00:00:00.000,2014-06-24 00:00:00.000
2145,2014-06-13 00:00:00.000,1,Scaled carp,489.0,413.0,1576.0,?,2014-06-13 00:00:00.000,2014-06-26 00:00:00.000
2127,2014-06-13 00:00:00.000,1,Scaled carp,588.0,483.0,3367.0,?,2014-06-13 00:00:00.000,2016-03-31 00:00:00.000
2119,2014-06-13 00:00:00.000,2,Mirror carp,502.0,420.0,2702.0,?,2014-06-13 00:00:00.000,2014-06-24 00:00:00.000
2132,2014-06-13 00:00:00.000,1,Scaled carp,538.0,443.0,2781.0,?,2014-06-13 00:00:00.000,2014-06-29 00:00:00.000
2139,2014-06-13 00:00:00.000,2,Mirror carp,434.0,365.0,1597.0,?,2014-06-14 00:00:00.000,2014-07-15 00:00:00.000
2113,2014-06-13 00:00:00.000,1,Scaled carp,559.0,565.0,2927.0,?,2014-06-14 00:00:00.000,2014-06-22 00:00:00.000
2112,2014-06-13 00:00:00.000,1,Scaled carp,406.0,325.0,945.0,?,2014-06-14 00:00:00.000,2014-07-24 00:00:00.000
2141,2014-06-13 00:00:00.000,1,Scaled carp,529.0,444.0,2452.0,?,2014-06-14 00:00:00.000,2014-06-25 00:00:00.000
2143,2014-06-13 00:00:00.000,1,Scaled carp,422.0,357.0,1275.0,?,2014-06-24 00:00:00.000,2014-06-25 00:00:00.000
2124,2014-06-13 00:00:00.000,1,Scaled carp,615.0,527.0,2596.0,?,2014-06-13 00:00:00.000,2014-09-26 00:00:00.000
2137,2014-06-13 00:00:00.000,1,Scaled carp,535.0,445.0,2721.0,?,2014-06-13 00:00:00.000,2016-03-31 00:00:00.000
2134,2014-06-13 00:00:00.000,1,Scaled carp,653.0,545.0,4327.0,?,2014-06-13 00:00:00.000,2014-06-21 00:00:00.000
2125,2014-06-13 00:00:00.000,2,Mirror carp,722.0,614.0,6934.0,?,2014-06-13 00:00:00.000,2014-10-04 00:00:00.000
2140,2014-06-13 00:00:00.000,2,Mirror carp,466.0,393.0,1743.0,?,2014-06-13 00:00:00.000,2014-06-22 00:00:00.000
2118,2014-06-13 00:00:00.000,2,Mirror carp,519.0,431.0,2731.0,?,2014-06-13 00:00:00.000,2014-10-22 00:00:00.000
2131,2014-06-13 00:00:00.000,2,Mirror carp,569.0,477.0,2644.0,?,2014-06-13 00:00:00.000,2014-07-17 00:00:00.000
2126,2014-06-13 00:00:00.000,1,Scaled carp,674.0,573.0,5596.0,?,2014-06-13 00:00:00.000,2016-03-31 00:00:00.000
2122,2014-06-13 00:00:00.000,1,Scaled carp,629.0,525.0,3903.0,?,2014-06-13 00:00:00.000,2016-03-31 00:00:00.000
2120,2014-06-13 00:00:00.000,1,Scaled carp,565.0,482.0,3292.0,?,2014-06-13 00:00:00.000,2014-06-28 00:00:00.000
2128,2014-06-13 00:00:00.000,1,Scaled carp,653.0,553.0,4429.0,?,2014-06-13 00:00:00.000,2015-04-25 00:00:00.000
2129,2014-06-13 00:00:00.000,1,Scaled carp,602.0,505.0,2497.0,?,2014-06-13 00:00:00.000,2014-06-25 00:00:00.000
2116,2014-06-13 00:00:00.000,2,Mirror carp,553.0,462.0,3597.0,?,2014-06-13 00:00:00.000,2014-07-03 00:00:00.000
2130,2014-06-13 00:00:00.000,1,Scaled carp,688.0,589.0,5159.0,?,2014-06-13 00:00:00.000,2015-08-16 00:00:00.000
2111,2014-06-13 00:00:00.000,1,Scaled carp,450.0,382.0,1294.0,?,2014-06-13 00:00:00.000,2014-06-22 00:00:00.000
2138,2014-06-13 00:00:00.000,1,Scaled carp,584.0,498.0,2904.0,?,2014-06-13 00:00:00.000,2014-06-19 00:00:00.000
2142,2014-06-13 00:00:00.000,1,Scaled carp,623.0,524.0,4083.0,?,2014-06-13 00:00:00.000,2016-03-31 00:00:00.000
2135,2014-06-13 00:00:00.000,1,Scaled carp,628.0,523.0,4028.0,?,2014-06-13 00:00:00.000,2016-03-31 00:00:00.000
2505,2014-07-10 00:00:00.000,3,Catfish,1363.0,1244.0,19250.0,?,2014-07-10 00:00:00.000,2016-03-31 00:00:00.000
2504,2014-07-10 00:00:00.000,3,Catfish,1200.0,1130.0,12100.0,?,2014-07-10 00:00:00.000,2016-03-31 00:00:00.000
2501,2014-07-10 00:00:00.000,3,Catfish,823.0,767.0,3530.0,?,2014-07-10 00:00:00.000,2016-03-31 00:00:00.000
2502,2014-07-10 00:00:00.000,3,Catfish,702.0,647.0,2150.0,?,2014-07-11 00:00:00.000,2018-07-15 00:00:00.000
2503,2014-07-10 00:00:00.000,3,Catfish,834.0,765.0,3310.0,?,2014-07-12 00:00:00.000,2015-08-18 00:00:00.000
273,2014-07-17 00:00:00.000,6,Tench,439.0,358.0,953.0,"",2014-07-17 00:00:00.000,2014-08-02 00:00:00.000
275,2014-07-17 00:00:00.000,6,Tench,441.0,344.0,903.0,"",2014-07-17 00:00:00.000,2016-03-31 00:00:00.000
264,2014-07-17 00:00:00.000,6,Tench,385.0,331.0,892.0,"",2014-07-17 00:00:00.000,2014-09-22 00:00:00.000
265,2014-07-17 00:00:00.000,6,Tench,400.0,326.0,906.0,"",2014-07-17 00:00:00.000,2014-08-25 00:00:00.000
262,2014-07-17 00:00:00.000,6,Tench,376.0,309.0,803.0,"",2014-07-18 00:00:00.000,2016-03-31 00:00:00.000
271,2014-07-17 00:00:00.000,6,Tench,433.0,354.0,1318.0,"",2014-07-18 00:00:00.000,2015-07-06 00:00:00.000
261,2014-07-17 00:00:00.000,6,Tench,371.0,304.0,736.0,"",2014-07-18 00:00:00.000,2016-03-31 00:00:00.000
269,2014-07-17 00:00:00.000,6,Tench,428.0,361.0,1078.0,"",2014-07-19 00:00:00.000,2014-09-02 00:00:00.000
2506,2014-08-04 00:00:00.000,3,Catfish,934.0,889.0,5270.0,?,2014-08-06 00:00:00.000,2016-03-31 00:00:00.000
2507,2014-08-04 00:00:00.000,3,Catfish,1516.0,1410.0,18310.0,?,2014-08-08 00:00:00.000,2018-07-16 00:00:00.000
274,2014-08-07 00:00:00.000,6,Tench,440.0,359.0,1034.0,"",2014-08-14 00:00:00.000,2016-03-17 00:00:00.000
289,2014-08-14 00:00:00.000,6,Tench,477.0,404.0,1949.0,"",2014-08-14 00:00:00.000,2015-09-12 00:00:00.000
288,2014-08-14 00:00:00.000,6,Tench,476.0,399.0,2099.0,"",2014-08-14 00:00:00.000,2016-03-09 00:00:00.000
266,2014-08-14 00:00:00.000,6,Tench,404.0,341.0,1024.0,"",2014-08-15 00:00:00.000,2015-04-24 00:00:00.000
267,2014-08-14 00:00:00.000,6,Tench,408.0,335.0,1028.0,"",2014-08-15 00:00:00.000,2015-02-21 00:00:00.000
270,2014-08-14 00:00:00.000,6,Tench,430.0,371.0,1240.0,"",2014-08-14 00:00:00.000,2015-04-25 00:00:00.000
279,2014-08-14 00:00:00.000,6,Tench,455.0,376.0,1506.0,"",2014-08-14 00:00:00.000,2016-03-31 00:00:00.000
290,2014-08-14 00:00:00.000,6,Tench,478.0,400.0,1783.0,"",2014-08-14 00:00:00.000,2015-09-06 00:00:00.000
2508,2014-08-14 00:00:00.000,3,Catfish,1126.0,1047.0,8324.0,?,2014-08-14 00:00:00.000,2018-04-29 00:00:00.000
295,2014-08-14 00:00:00.000,6,Tench,501.0,424.0,1850.0,"",2014-08-14 00:00:00.000,2015-06-08 00:00:00.000
272,2014-08-14 00:00:00.000,6,Tench,434.0,370.0,1185.0,"",2014-08-15 00:00:00.000,2015-07-25 00:00:00.000
282,2014-08-19 00:00:00.000,6,Tench,465.0,387.0,1399.0,"",2014-08-19 00:00:00.000,2016-03-31 00:00:00.000
294,2014-08-19 00:00:00.000,6,Tench,501.0,420.0,1763.0,"",2014-08-19 00:00:00.000,2015-07-23 00:00:00.000
2510,2014-08-25 00:00:00.000,3,Catfish,1092.0,1012.0,7553.0,?,2014-08-25 00:00:00.000,2018-08-27 00:00:00.000
2509,2014-08-25 00:00:00.000,3,Catfish,1474.0,1364.0,24982.0,?,2014-08-25 00:00:00.000,2018-07-02 00:00:00.000
2511,2014-08-25 00:00:00.000,3,Catfish,1126.0,1053.0,7541.0,?,2014-08-25 00:00:00.000,2018-08-31 00:00:00.000
2512,2014-08-25 00:00:00.000,3,Catfish,1154.0,1074.0,8466.0,?,2014-08-25 00:00:00.000,2016-03-31 00:00:00.000
281,2014-08-26 00:00:00.000,6,Tench,456.0,374.0,1477.0,"",2014-08-26 00:00:00.000,2014-08-30 00:00:00.000
291,2014-08-26 00:00:00.000,6,Tench,481.0,406.0,1954.0,"",2014-08-26 00:00:00.000,2016-03-31 00:00:00.000
287,2014-08-26 00:00:00.000,6,Tench,476.0,402.0,1585.0,"",2014-08-26 00:00:00.000,2014-10-16 00:00:00.000
293,2014-08-26 00:00:00.000,6,Tench,498.0,415.0,1863.0,"",2014-08-26 00:00:00.000,2016-03-31 00:00:00.000
284,2014-08-26 00:00:00.000,6,Tench,467.0,391.0,1552.0,"",2014-08-26 00:00:00.000,2015-09-19 00:00:00.000
278,2014-08-26 00:00:00.000,6,Tench,451.0,382.0,1349.0,"",2014-08-26 00:00:00.000,2016-03-30 00:00:00.000
268,2014-08-26 00:00:00.000,6,Tench,422.0,356.0,1177.0,"",2014-08-26 00:00:00.000,2016-03-31 00:00:00.000
286,2014-08-26 00:00:00.000,6,Tench,472.0,399.0,1668.0,"",2014-08-26 00:00:00.000,2014-08-31 00:00:00.000
277,2014-08-26 00:00:00.000,6,Tench,450.0,373.0,1309.0,"",2014-08-26 00:00:00.000,2016-03-31 00:00:00.000
283,2014-08-26 00:00:00.000,6,Tench,466.0,394.0,1258.0,"",2014-08-27 00:00:00.000,2016-03-31 00:00:00.000
276,2014-08-26 00:00:00.000,6,Tench,446.0,372.0,1456.0,"",2014-08-27 00:00:00.000,2016-03-17 00:00:00.000
263,2014-08-26 00:00:00.000,6,Tench,380.0,322.0,846.0,"",2014-08-27 00:00:00.000,2015-08-14 00:00:00.000
296,2014-08-26 00:00:00.000,6,Tench,508.0,426.0,1950.0,"",2014-08-27 00:00:00.000,2016-03-31 00:00:00.000
297,2014-09-03 00:00:00.000,6,Tench,523.0,427.0,1777.0,"",2014-08-28 00:00:00.000,2016-03-31 00:00:00.000
2164,2014-09-05 00:00:00.000,1,Scaled carp,696.0,599.0,5020.0,?,2014-09-05 00:00:00.000,2018-06-12 00:00:00.000
2156,2014-09-05 00:00:00.000,1,Scaled carp,550.0,465.0,2810.0,?,2014-09-05 00:00:00.000,2015-05-04 00:00:00.000
2152,2014-09-05 00:00:00.000,1,Scaled carp,550.0,472.0,2633.0,?,2014-09-05 00:00:00.000,2016-03-31 00:00:00.000
2149,2014-09-05 00:00:00.000,1,Scaled carp,477.0,395.0,1770.0,?,2014-09-05 00:00:00.000,2014-09-26 00:00:00.000
2147,2014-09-05 00:00:00.000,1,Scaled carp,540.0,455.0,2410.0,?,2014-09-05 00:00:00.000,2014-09-26 00:00:00.000
2166,2014-09-05 00:00:00.000,1,Scaled carp,486.0,411.0,1840.0,?,2014-09-05 00:00:00.000,2015-03-31 00:00:00.000
2167,2014-09-05 00:00:00.000,1,Scaled carp,470.0,395.0,1700.0,?,2014-09-05 00:00:00.000,2015-04-07 00:00:00.000
2148,2014-09-05 00:00:00.000,1,Scaled carp,535.0,453.0,2230.0,?,2014-09-05 00:00:00.000,2014-09-15 00:00:00.000
2162,2014-09-05 00:00:00.000,1,Scaled carp,505.0,435.0,2130.0,?,2014-09-06 00:00:00.000,2015-04-27 00:00:00.000
2161,2014-09-05 00:00:00.000,1,Scaled carp,456.0,331.0,1350.0,?,2014-09-05 00:00:00.000,2014-09-26 00:00:00.000
2169,2014-09-05 00:00:00.000,1,Scaled carp,510.0,432.0,1760.0,?,2014-09-05 00:00:00.000,2016-03-31 00:00:00.000
2154,2014-09-05 00:00:00.000,1,Scaled carp,437.0,365.0,1250.0,?,2014-09-05 00:00:00.000,2016-03-31 00:00:00.000
2158,2014-09-05 00:00:00.000,1,Scaled carp,460.0,393.0,1470.0,?,2014-09-05 00:00:00.000,2014-09-11 00:00:00.000
2150,2014-09-05 00:00:00.000,1,Scaled carp,460.0,387.0,1630.0,?,2014-09-05 00:00:00.000,2014-09-13 00:00:00.000
2168,2014-09-05 00:00:00.000,1,Scaled carp,430.0,360.0,1171.0,?,2014-07-03 00:00:00.000,2016-03-31 00:00:00.000
2157,2014-09-05 00:00:00.000,1,Scaled carp,670.0,579.0,4750.0,?,2014-07-14 00:00:00.000,2014-09-11 00:00:00.000
2159,2014-09-05 00:00:00.000,1,Scaled carp,499.0,425.0,2100.0,?,2014-07-14 00:00:00.000,2016-01-26 00:00:00.000
2155,2014-09-05 00:00:00.000,1,Scaled carp,576.0,488.0,2680.0,?,2014-07-14 00:00:00.000,2014-09-16 00:00:00.000
2151,2014-09-05 00:00:00.000,1,Scaled carp,707.0,599.0,5872.0,?,2014-07-14 00:00:00.000,2015-04-24 00:00:00.000
2153,2014-09-05 00:00:00.000,1,Scaled carp,464.0,388.0,1650.0,?,,
2163,2014-09-05 00:00:00.000,1,Scaled carp,474.0,406.0,1530.0,?,2014-09-05 00:00:00.000,2015-04-28 00:00:00.000
2160,2014-09-05 00:00:00.000,1,Scaled carp,445.0,379.0,1520.0,?,2014-09-05 00:00:00.000,2014-09-17 00:00:00.000
2165,2014-09-05 00:00:00.000,1,Scaled carp,520.0,426.0,2210.0,?,2014-09-05 00:00:00.000,2014-09-16 00:00:00.000
2170,2014-09-05 00:00:00.000,1,Scaled carp,455.0,382.0,1850.0,?,2014-09-05 00:00:00.000,2016-03-31 00:00:00.000
285,2014-09-10 00:00:00.000,6,Tench,472.0,401.0,1459.0,"",2014-08-28 00:00:00.000,2015-09-01 00:00:00.000
292,2014-09-16 00:00:00.000,6,Tench,487.0,404.0,1530.0,"",2014-08-28 00:00:00.000,2016-03-27 00:00:00.000
280,2014-09-17 00:00:00.000,6,Tench,456.0,377.0,1142.0,"",2014-09-17 00:00:00.000,2015-07-15 00:00:00.000
2517,2014-09-30 00:00:00.000,3,Catfish,1322.0,1239.0,15550.0,?,2014-09-30 00:00:00.000,2016-03-31 00:00:00.000
2514,2014-09-30 00:00:00.000,3,Catfish,1663.0,1543.0,25280.0,?,2014-09-30 00:00:00.000,2016-03-31 00:00:00.000
2515,2014-09-30 00:00:00.000,3,Catfish,1495.0,1424.0,19440.0,?,2014-09-30 00:00:00.000,2018-11-14 00:00:00.000
2516,2014-09-30 00:00:00.000,3,Catfish,1552.0,1447.0,26340.0,?,2014-10-01 00:00:00.000,2018-07-24 00:00:00.000
2513,2014-09-30 00:00:00.000,3,Catfish,1353.0,1275.0,16870.0,?,2014-10-01 00:00:00.000,2018-10-19 00:00:00.000
2175,2014-10-13 00:00:00.000,2,Mirror carp,500.0,410.0,3409.0,?,2014-10-13 00:00:00.000,2014-10-26 00:00:00.000
2173,2014-10-13 00:00:00.000,2,Mirror carp,545.0,462.0,3440.0,?,2014-10-13 00:00:00.000,2015-08-25 00:00:00.000
2177,2014-10-13 00:00:00.000,2,Mirror carp,463.0,382.0,2398.0,?,2014-10-13 00:00:00.000,2015-05-13 00:00:00.000
2172,2014-10-13 00:00:00.000,2,Mirror carp,499.0,422.0,2898.0,?,2014-10-13 00:00:00.000,2014-10-23 00:00:00.000
2171,2014-10-13 00:00:00.000,2,Mirror carp,518.0,415.0,3400.0,?,2014-10-13 00:00:00.000,2014-11-03 00:00:00.000
2176,2014-10-13 00:00:00.000,2,Mirror carp,480.0,405.0,2619.0,?,2014-10-13 00:00:00.000,2014-10-30 00:00:00.000
2174,2014-10-13 00:00:00.000,2,Mirror carp,458.0,385.0,2230.0,?,2014-10-13 00:00:00.000,2016-03-31 00:00:00.000
2001,2014-10-28 00:00:00.000,4,Perch,335.0,294.0,605.0,"",2014-10-29 00:00:00.000,2016-03-31 00:00:00.000
2024,2014-10-28 00:00:00.000,4,Perch,368.0,320.0,713.0,"",2014-10-29 00:00:00.000,2016-01-28 00:00:00.000
2010,2014-10-28 00:00:00.000,4,Perch,361.0,311.0,752.0,"",2014-10-29 00:00:00.000,2015-08-25 00:00:00.000
2002,2014-10-28 00:00:00.000,4,Perch,395.0,348.0,890.0,"",2014-10-29 00:00:00.000,2015-08-25 00:00:00.000
2012,2014-10-28 00:00:00.000,4,Perch,404.0,355.0,809.0,"",2014-10-29 00:00:00.000,2015-06-25 00:00:00.000
2015,2014-10-28 00:00:00.000,4,Perch,364.0,321.0,827.0,"",2014-10-29 00:00:00.000,2016-03-31 00:00:00.000
2005,2014-10-28 00:00:00.000,4,Perch,380.0,335.0,751.0,"",2014-10-29 00:00:00.000,2015-05-03 00:00:00.000
2003,2014-10-28 00:00:00.000,4,Perch,378.0,331.0,829.0,"",2014-10-29 00:00:00.000,2015-08-25 00:00:00.000
2013,2014-10-28 00:00:00.000,4,Perch,397.0,350.0,942.0,"",2014-10-29 00:00:00.000,2016-03-31 00:00:00.000
2023,2014-10-28 00:00:00.000,4,Perch,368.0,323.0,702.0,"",2014-10-29 00:00:00.000,2016-03-31 00:00:00.000
2019,2014-10-28 00:00:00.000,4,Perch,431.0,377.0,1187.0,"",2014-10-29 00:00:00.000,2016-03-31 00:00:00.000
2011,2014-10-28 00:00:00.000,4,Perch,389.0,340.0,755.0,"",2014-10-29 00:00:00.000,2015-05-02 00:00:00.000
2004,2014-10-28 00:00:00.000,4,Perch,366.0,320.0,724.0,"",2014-10-29 00:00:00.000,2015-11-12 00:00:00.000
2021,2014-10-28 00:00:00.000,4,Perch,348.0,307.0,632.0,"",2014-10-29 00:00:00.000,2016-03-31 00:00:00.000
2014,2014-10-28 00:00:00.000,4,Perch,389.0,336.0,782.0,"",2014-10-29 00:00:00.000,2016-02-06 00:00:00.000
2017,2014-10-28 00:00:00.000,4,Perch,396.0,345.0,934.0,"",2014-10-29 00:00:00.000,2016-03-31 00:00:00.000
2009,2014-10-28 00:00:00.000,4,Perch,359.0,310.0,682.0,"",2014-10-29 00:00:00.000,2015-08-15 00:00:00.000
2006,2014-10-28 00:00:00.000,4,Perch,400.0,356.0,962.0,"",2014-10-29 00:00:00.000,2016-03-31 00:00:00.000
2018,2014-10-28 00:00:00.000,4,Perch,366.0,323.0,741.0,"",2014-10-29 00:00:00.000,2016-03-31 00:00:00.000
2025,2014-10-28 00:00:00.000,4,Perch,365.0,316.0,689.0,"",2014-10-29 00:00:00.000,2015-06-25 00:00:00.000
2007,2014-10-28 00:00:00.000,4,Perch,368.0,327.0,690.0,"",2014-10-29 00:00:00.000,2015-05-03 00:00:00.000
2020,2014-10-28 00:00:00.000,4,Perch,394.0,353.0,850.0,"",2014-10-29 00:00:00.000,2016-03-31 00:00:00.000
2022,2014-10-28 00:00:00.000,4,Perch,356.0,310.0,625.0,"",2014-10-29 00:00:00.000,2015-05-02 00:00:00.000
2016,2014-10-28 00:00:00.000,4,Perch,349.0,310.0,623.0,"",2014-10-29 00:00:00.000,2016-01-25 00:00:00.000
2008,2014-10-28 00:00:00.000,4,Perch,387.0,337.0,841.0,"",2014-10-29 00:00:00.000,2015-05-03 00:00:00.000
2026,2014-10-29 00:00:00.000,4,Perch,363.0,320.0,611.0,"",2014-10-29 00:00:00.000,2016-03-31 00:00:00.000
2029,2014-10-29 00:00:00.000,4,Perch,376.0,330.0,676.0,"",2014-10-29 00:00:00.000,2016-03-31 00:00:00.000
2027,2014-10-29 00:00:00.000,4,Perch,372.0,325.0,730.0,"",2014-10-29 00:00:00.000,2015-08-25 00:00:00.000
2028,2014-10-29 00:00:00.000,4,Perch,385.0,336.0,694.0,"",2014-10-29 00:00:00.000,2015-02-17 00:00:00.000
2030,2014-10-30 00:00:00.000,4,Perch,364.0,315.0,683.0,"",2014-10-30 00:00:00.000,2016-03-31 00:00:00.000
2518,2014-11-24 00:00:00.000,3,Catfish,1150.0,1060.0,11097.0,?,2014-11-26 00:00:00.000,2018-08-01 00:00:00.000
2032,2014-11-25 00:00:00.000,4,Perch,366.0,324.0,745.0,"",2014-11-26 00:00:00.000,2015-05-19 00:00:00.000
2031,2014-11-25 00:00:00.000,4,Perch,356.0,312.0,646.0,"",2014-11-26 00:00:00.000,2015-11-04 00:00:00.000
2033,2015-05-18 00:00:00.000,4,Perch,352.0,308.0,512.0,"",2015-05-18 00:00:00.000,2016-03-31 00:00:00.000
2034,2015-05-19 00:00:00.000,4,Perch,378.0,334.0,749.0,"",2015-05-23 00:00:00.000,2015-06-28 00:00:00.000
2035,2015-05-19 00:00:00.000,4,Perch,354.0,321.0,554.0,"",,
2036,2015-05-19 00:00:00.000,4,Perch,376.0,327.0,728.0,"",,
2040,2015-05-19 00:00:00.000,4,Perch,391.0,340.0,763.0,"",2015-05-19 00:00:00.000,2016-03-31 00:00:00.000
2055,2015-05-19 00:00:00.000,4,Perch,,,,,2015-05-19 00:00:00.000,2016-01-22 00:00:00.000
2039,2015-05-19 00:00:00.000,4,Perch,360.0,315.0,653.0,"",2015-05-19 00:00:00.000,2016-03-31 00:00:00.000
2042,2015-05-19 00:00:00.000,4,Perch,374.0,320.0,716.0,"",2015-05-19 00:00:00.000,2016-03-31 00:00:00.000
2051,2015-05-19 00:00:00.000,4,Perch,359.0,314.0,591.0,"",2015-05-21 00:00:00.000,2016-03-31 00:00:00.000
2046,2015-05-19 00:00:00.000,4,Perch,351.0,301.0,578.0,"",2015-05-21 00:00:00.000,2016-03-31 00:00:00.000
2037,2015-05-19 00:00:00.000,4,Perch,370.0,328.0,750.0,"",2015-05-21 00:00:00.000,2016-03-31 00:00:00.000
2038,2015-05-19 00:00:00.000,4,Perch,377.0,335.0,863.0,"",2015-05-21 00:00:00.000,2016-03-31 00:00:00.000
2047,2015-05-19 00:00:00.000,4,Perch,350.0,304.0,570.0,"",2015-05-21 00:00:00.000,2016-03-31 00:00:00.000
2043,2015-05-19 00:00:00.000,4,Perch,360.0,313.0,641.0,"",2015-05-19 00:00:00.000,2016-03-31 00:00:00.000
2049,2015-05-19 00:00:00.000,4,Perch,392.0,341.0,819.0,"",2015-05-19 00:00:00.000,2016-03-31 00:00:00.000
2050,2015-05-19 00:00:00.000,4,Perch,391.0,363.0,609.0,"",2015-05-19 00:00:00.000,2016-03-31 00:00:00.000
2045,2015-05-19 00:00:00.000,4,Perch,427.0,377.0,1035.0,"",2015-05-19 00:00:00.000,2016-03-31 00:00:00.000
2041,2015-05-19 00:00:00.000,4,Perch,377.0,334.0,738.0,"",2015-05-19 00:00:00.000,2016-03-31 00:00:00.000
2054,2015-05-19 00:00:00.000,4,Perch,,,,,2015-05-19 00:00:00.000,2016-03-31 00:00:00.000
2048,2015-05-19 00:00:00.000,4,Perch,345.0,301.0,511.0,"",2015-05-19 00:00:00.000,2016-03-31 00:00:00.000
2044,2015-05-19 00:00:00.000,4,Perch,423.0,374.0,1096.0,"",2015-05-19 00:00:00.000,2016-03-31 00:00:00.000
2052,2015-09-18 00:00:00.000,4,Perch,412.0,359.0,936.0,"",2015-09-18 00:00:00.000,2016-03-31 00:00:00.000
2053,2015-09-18 00:00:00.000,4,Perch,421.0,371.0,916.0,"",2015-09-18 00:00:00.000,2016-03-31 00:00:00.000
