Depth,Temperature [Â°C],Oxygen [mg/l],timestamp
0.0,,,2010-02-17 00:00:00
0.5,0.5,7.4,2010-02-17 00:00:00
1.0,2.0,7.5,2010-02-17 00:00:00
1.5,2.8,7.0,2010-02-17 00:00:00
2.0,3.1,6.7,2010-02-17 00:00:00
2.5,3.3,5.6,2010-02-17 00:00:00
3.0,3.5,5.4,2010-02-17 00:00:00
3.5,4.0,3.8,2010-02-17 00:00:00
4.0,4.2,2.96,2010-02-17 00:00:00
4.5,,,2010-02-17 00:00:00
5.0,4.8,1.23,2010-02-17 00:00:00
5.5,,,2010-02-17 00:00:00
6.0,5.1,0.0,2010-02-17 00:00:00
6.5,,,2010-02-17 00:00:00
7.0,,,2010-02-17 00:00:00
7.5,,,2010-02-17 00:00:00
8.0,,,2010-02-17 00:00:00
8.5,,,2010-02-17 00:00:00
9.0,,,2010-02-17 00:00:00
9.5,,,2010-02-17 00:00:00
10.0,,,2010-02-17 00:00:00
0.0,,,2010-03-09 00:00:00
0.5,1.3,6.88,2010-03-09 00:00:00
1.0,2.8,6.8,2010-03-09 00:00:00
1.5,3.4,6.35,2010-03-09 00:00:00
2.0,3.8,6.33,2010-03-09 00:00:00
2.5,4.0,4.53,2010-03-09 00:00:00
3.0,4.2,3.37,2010-03-09 00:00:00
3.5,4.4,3.14,2010-03-09 00:00:00
4.0,4.4,2.16,2010-03-09 00:00:00
4.5,4.5,2.44,2010-03-09 00:00:00
5.0,4.5,1.83,2010-03-09 00:00:00
5.5,4.7,0.18,2010-03-09 00:00:00
6.0,4.8,0.14,2010-03-09 00:00:00
6.5,,,2010-03-09 00:00:00
7.0,,,2010-03-09 00:00:00
7.5,,,2010-03-09 00:00:00
8.0,,,2010-03-09 00:00:00
8.5,,,2010-03-09 00:00:00
9.0,,,2010-03-09 00:00:00
9.5,,,2010-03-09 00:00:00
10.0,,,2010-03-09 00:00:00
0.0,21.3,9.95,2010-06-08 15:30:00
0.5,20.6,9.75,2010-06-08 15:30:00
1.0,19.9,9.75,2010-06-08 15:30:00
1.5,19.4,9.75,2010-06-08 15:30:00
2.0,19.1,9.63,2010-06-08 15:30:00
2.5,17.7,11.7,2010-06-08 15:30:00
3.0,16.0,12.0,2010-06-08 15:30:00
3.5,14.7,10.8,2010-06-08 15:30:00
4.0,13.9,10.2,2010-06-08 15:30:00
4.5,13.0,9.5,2010-06-08 15:30:00
5.0,12.2,8.2,2010-06-08 15:30:00
5.5,11.5,4.8,2010-06-08 15:30:00
6.0,10.9,3.3,2010-06-08 15:30:00
6.5,10.2,0.35,2010-06-08 15:30:00
7.0,9.5,0.18,2010-06-08 15:30:00
7.5,9.3,0.11,2010-06-08 15:30:00
8.0,9.0,0.07,2010-06-08 15:30:00
8.5,,,2010-06-08 15:30:00
9.0,,,2010-06-08 15:30:00
9.5,,,2010-06-08 15:30:00
10.0,,,2010-06-08 15:30:00
0.0,19.2,9.49,2010-06-21 15:00:00
0.5,19.1,9.41,2010-06-21 15:00:00
1.0,19.0,9.5,2010-06-21 15:00:00
1.5,18.8,9.48,2010-06-21 15:00:00
2.0,18.7,9.49,2010-06-21 15:00:00
2.5,18.5,9.49,2010-06-21 15:00:00
3.0,18.5,9.28,2010-06-21 15:00:00
3.5,18.2,9.85,2010-06-21 15:00:00
4.0,16.4,11.42,2010-06-21 15:00:00
4.5,14.2,9.87,2010-06-21 15:00:00
5.0,12.9,7.47,2010-06-21 15:00:00
5.5,11.6,1.63,2010-06-21 15:00:00
6.0,10.6,0.21,2010-06-21 15:00:00
6.5,10.0,0.07,2010-06-21 15:00:00
7.0,9.6,0.04,2010-06-21 15:00:00
7.5,9.4,0.03,2010-06-21 15:00:00
8.0,9.0,0.02,2010-06-21 15:00:00
8.5,,,2010-06-21 15:00:00
9.0,,,2010-06-21 15:00:00
9.5,,,2010-06-21 15:00:00
10.0,,,2010-06-21 15:00:00
0.0,24.7,9.52,2010-07-01 16:30:00
0.5,24.6,9.64,2010-07-01 16:30:00
1.0,24.2,9.44,2010-07-01 16:30:00
1.5,24.1,9.41,2010-07-01 16:30:00
2.0,23.3,9.3,2010-07-01 16:30:00
2.5,22.8,10.47,2010-07-01 16:30:00
3.0,21.0,10.7,2010-07-01 16:30:00
3.5,19.7,10.46,2010-07-01 16:30:00
4.0,18.4,10.92,2010-07-01 16:30:00
4.5,16.5,9.15,2010-07-01 16:30:00
5.0,14.9,6.56,2010-07-01 16:30:00
5.5,13.5,4.96,2010-07-01 16:30:00
6.0,12.3,0.36,2010-07-01 16:30:00
6.5,10.8,0.09,2010-07-01 16:30:00
7.0,10.1,0.08,2010-07-01 16:30:00
7.5,9.8,0.02,2010-07-01 16:30:00
8.0,9.5,0.01,2010-07-01 16:30:00
8.5,,,2010-07-01 16:30:00
9.0,,,2010-07-01 16:30:00
9.5,,,2010-07-01 16:30:00
10.0,,,2010-07-01 16:30:00
0.0,27.3,9.0,2010-07-10 15:30:00
0.5,26.7,9.1,2010-07-10 15:30:00
1.0,25.3,8.68,2010-07-10 15:30:00
1.5,25.1,9.21,2010-07-10 15:30:00
2.0,24.7,8.3,2010-07-10 15:30:00
2.5,24.4,8.3,2010-07-10 15:30:00
3.0,23.7,8.84,2010-07-10 15:30:00
3.5,21.8,10.12,2010-07-10 15:30:00
4.0,19.8,9.56,2010-07-10 15:30:00
4.5,18.4,10.07,2010-07-10 15:30:00
5.0,16.5,7.6,2010-07-10 15:30:00
5.5,13.8,1.84,2010-07-10 15:30:00
6.0,12.7,0.02,2010-07-10 15:30:00
6.5,11.2,0.0,2010-07-10 15:30:00
7.0,10.4,0.0,2010-07-10 15:30:00
7.5,10.1,0.0,2010-07-10 15:30:00
8.0,9.7,0.0,2010-07-10 15:30:00
8.5,,,2010-07-10 15:30:00
9.0,,,2010-07-10 15:30:00
9.5,,,2010-07-10 15:30:00
10.0,,,2010-07-10 15:30:00
0.0,25.9,8.24,2010-07-22 14:00:00
0.5,25.9,8.05,2010-07-22 14:00:00
1.0,25.5,8.0,2010-07-22 14:00:00
1.5,25.4,8.18,2010-07-22 14:00:00
2.0,25.2,7.94,2010-07-22 14:00:00
2.5,25.2,7.8,2010-07-22 14:00:00
3.0,25.0,7.5,2010-07-22 14:00:00
3.5,24.6,7.7,2010-07-22 14:00:00
4.0,22.9,9.17,2010-07-22 14:00:00
4.5,19.5,8.5,2010-07-22 14:00:00
5.0,17.8,7.6,2010-07-22 14:00:00
5.5,16.7,5.5,2010-07-22 14:00:00
6.0,14.3,0.9,2010-07-22 14:00:00
6.5,12.0,0.1,2010-07-22 14:00:00
7.0,10.9,0.07,2010-07-22 14:00:00
7.5,,,2010-07-22 14:00:00
8.0,,,2010-07-22 14:00:00
8.5,,,2010-07-22 14:00:00
9.0,,,2010-07-22 14:00:00
9.5,,,2010-07-22 14:00:00
10.0,,,2010-07-22 14:00:00
0.0,23.5,8.3,2010-07-28 14:00:00
0.5,23.5,8.23,2010-07-28 14:00:00
1.0,23.2,8.17,2010-07-28 14:00:00
1.5,23.2,7.87,2010-07-28 14:00:00
2.0,23.1,8.08,2010-07-28 14:00:00
2.5,23.1,8.17,2010-07-28 14:00:00
3.0,22.9,7.52,2010-07-28 14:00:00
3.5,22.8,7.09,2010-07-28 14:00:00
4.0,22.5,6.68,2010-07-28 14:00:00
4.5,21.7,6.51,2010-07-28 14:00:00
5.0,19.3,6.55,2010-07-28 14:00:00
5.5,16.6,2.9,2010-07-28 14:00:00
6.0,14.4,0.3,2010-07-28 14:00:00
6.5,13.4,0.21,2010-07-28 14:00:00
7.0,11.5,0.02,2010-07-28 14:00:00
7.5,,,2010-07-28 14:00:00
8.0,,,2010-07-28 14:00:00
8.5,,,2010-07-28 14:00:00
9.0,,,2010-07-28 14:00:00
9.5,,,2010-07-28 14:00:00
10.0,,,2010-07-28 14:00:00
0.0,23.6,8.22,2010-08-02 19:30:00
0.5,23.4,8.37,2010-08-02 19:30:00
1.0,23.2,8.17,2010-08-02 19:30:00
1.5,23.0,8.3,2010-08-02 19:30:00
2.0,23.0,8.3,2010-08-02 19:30:00
2.5,22.9,8.3,2010-08-02 19:30:00
3.0,22.7,8.01,2010-08-02 19:30:00
3.5,22.6,7.33,2010-08-02 19:30:00
4.0,22.4,7.2,2010-08-02 19:30:00
4.5,21.6,5.91,2010-08-02 19:30:00
5.0,19.9,3.9,2010-08-02 19:30:00
5.5,17.8,3.15,2010-08-02 19:30:00
6.0,15.8,0.5,2010-08-02 19:30:00
6.5,13.4,0.1,2010-08-02 19:30:00
7.0,12.2,0.03,2010-08-02 19:30:00
7.5,11.0,0.02,2010-08-02 19:30:00
8.0,,,2010-08-02 19:30:00
8.5,,,2010-08-02 19:30:00
9.0,,,2010-08-02 19:30:00
9.5,,,2010-08-02 19:30:00
10.0,,,2010-08-02 19:30:00
0.0,23.6,8.3,2010-08-10 15:00:00
0.5,23.3,8.03,2010-08-10 15:00:00
1.0,22.7,8.05,2010-08-10 15:00:00
1.5,22.5,8.53,2010-08-10 15:00:00
2.0,22.4,8.37,2010-08-10 15:00:00
2.5,22.4,7.88,2010-08-10 15:00:00
3.0,22.3,8.36,2010-08-10 15:00:00
3.5,22.3,8.12,2010-08-10 15:00:00
4.0,22.1,7.26,2010-08-10 15:00:00
4.5,21.7,5.9,2010-08-10 15:00:00
5.0,20.7,3.41,2010-08-10 15:00:00
5.5,18.6,1.66,2010-08-10 15:00:00
6.0,16.3,0.4,2010-08-10 15:00:00
6.5,13.2,0.06,2010-08-10 15:00:00
7.0,,,2010-08-10 15:00:00
7.5,,,2010-08-10 15:00:00
8.0,,,2010-08-10 15:00:00
8.5,,,2010-08-10 15:00:00
9.0,,,2010-08-10 15:00:00
9.5,,,2010-08-10 15:00:00
10.0,,,2010-08-10 15:00:00
0.0,22.4,7.84,2010-08-11 07:30:00
0.5,22.4,7.7,2010-08-11 07:30:00
1.0,22.5,7.3,2010-08-11 07:30:00
1.5,22.5,7.37,2010-08-11 07:30:00
2.0,22.5,7.75,2010-08-11 07:30:00
2.5,22.5,7.4,2010-08-11 07:30:00
3.0,22.4,7.4,2010-08-11 07:30:00
3.5,22.3,7.5,2010-08-11 07:30:00
4.0,22.2,6.51,2010-08-11 07:30:00
4.5,21.5,4.3,2010-08-11 07:30:00
5.0,20.5,2.7,2010-08-11 07:30:00
5.5,18.8,2.01,2010-08-11 07:30:00
6.0,15.4,0.2,2010-08-11 07:30:00
6.5,13.3,0.05,2010-08-11 07:30:00
7.0,,,2010-08-11 07:30:00
7.5,,,2010-08-11 07:30:00
8.0,,,2010-08-11 07:30:00
8.5,,,2010-08-11 07:30:00
9.0,,,2010-08-11 07:30:00
9.5,,,2010-08-11 07:30:00
10.0,,,2010-08-11 07:30:00
0.0,23.3,8.5,2010-08-11 15:30:00
0.5,23.1,8.4,2010-08-11 15:30:00
1.0,23.0,8.35,2010-08-11 15:30:00
1.5,22.7,8.3,2010-08-11 15:30:00
2.0,22.6,8.39,2010-08-11 15:30:00
2.5,22.5,8.2,2010-08-11 15:30:00
3.0,22.5,8.0,2010-08-11 15:30:00
3.5,22.4,7.59,2010-08-11 15:30:00
4.0,22.3,7.0,2010-08-11 15:30:00
4.5,21.9,6.44,2010-08-11 15:30:00
5.0,21.1,3.5,2010-08-11 15:30:00
5.5,18.4,1.4,2010-08-11 15:30:00
6.0,16.0,0.2,2010-08-11 15:30:00
6.5,16.6,0.03,2010-08-11 15:30:00
7.0,,,2010-08-11 15:30:00
7.5,,,2010-08-11 15:30:00
8.0,,,2010-08-11 15:30:00
8.5,,,2010-08-11 15:30:00
9.0,,,2010-08-11 15:30:00
9.5,,,2010-08-11 15:30:00
10.0,,,2010-08-11 15:30:00
0.0,22.4,8.49,2010-08-12 07:30:00
0.5,22.4,8.54,2010-08-12 07:30:00
1.0,22.4,8.69,2010-08-12 07:30:00
1.5,22.4,8.62,2010-08-12 07:30:00
2.0,22.4,8.3,2010-08-12 07:30:00
2.5,22.4,8.3,2010-08-12 07:30:00
3.0,22.4,8.2,2010-08-12 07:30:00
3.5,22.4,8.0,2010-08-12 07:30:00
4.0,22.2,7.2,2010-08-12 07:30:00
4.5,21.7,8.9,2010-08-12 07:30:00
5.0,20.6,2.9,2010-08-12 07:30:00
5.5,18.5,2.08,2010-08-12 07:30:00
6.0,16.2,0.03,2010-08-12 07:30:00
6.5,13.8,0.02,2010-08-12 07:30:00
7.0,,,2010-08-12 07:30:00
7.5,,,2010-08-12 07:30:00
8.0,,,2010-08-12 07:30:00
8.5,,,2010-08-12 07:30:00
9.0,,,2010-08-12 07:30:00
9.5,,,2010-08-12 07:30:00
10.0,,,2010-08-12 07:30:00
0.0,23.4,8.0,2010-08-12 15:10:00
0.5,23.2,8.0,2010-08-12 15:10:00
1.0,23.0,8.14,2010-08-12 15:10:00
1.5,23.0,7.87,2010-08-12 15:10:00
2.0,22.9,7.5,2010-08-12 15:10:00
2.5,22.6,7.76,2010-08-12 15:10:00
3.0,22.5,7.83,2010-08-12 15:10:00
3.5,22.4,7.31,2010-08-12 15:10:00
4.0,22.1,6.28,2010-08-12 15:10:00
4.5,21.8,5.37,2010-08-12 15:10:00
5.0,20.3,2.6,2010-08-12 15:10:00
5.5,18.9,1.74,2010-08-12 15:10:00
6.0,16.4,0.3,2010-08-12 15:10:00
6.5,13.8,0.02,2010-08-12 15:10:00
7.0,,,2010-08-12 15:10:00
7.5,,,2010-08-12 15:10:00
8.0,,,2010-08-12 15:10:00
8.5,,,2010-08-12 15:10:00
9.0,,,2010-08-12 15:10:00
9.5,,,2010-08-12 15:10:00
10.0,,,2010-08-12 15:10:00
0.0,22.3,8.0,2010-08-13 07:10:00
0.5,22.4,7.7,2010-08-13 07:10:00
1.0,22.4,7.8,2010-08-13 07:10:00
1.5,22.4,7.5,2010-08-13 07:10:00
2.0,22.4,7.5,2010-08-13 07:10:00
2.5,22.4,7.97,2010-08-13 07:10:00
3.0,22.4,7.5,2010-08-13 07:10:00
3.5,22.4,7.3,2010-08-13 07:10:00
4.0,22.2,6.0,2010-08-13 07:10:00
4.5,21.5,4.3,2010-08-13 07:10:00
5.0,20.9,2.9,2010-08-13 07:10:00
5.5,18.4,1.5,2010-08-13 07:10:00
6.0,16.5,0.06,2010-08-13 07:10:00
6.5,13.4,0.0,2010-08-13 07:10:00
7.0,,,2010-08-13 07:10:00
7.5,,,2010-08-13 07:10:00
8.0,,,2010-08-13 07:10:00
8.5,,,2010-08-13 07:10:00
9.0,,,2010-08-13 07:10:00
9.5,,,2010-08-13 07:10:00
10.0,,,2010-08-13 07:10:00
0.0,23.1,8.9,2010-08-13 14:40:00
0.5,23.0,8.7,2010-08-13 14:40:00
1.0,23.0,8.4,2010-08-13 14:40:00
1.5,22.7,8.4,2010-08-13 14:40:00
2.0,22.7,8.4,2010-08-13 14:40:00
2.5,22.6,8.0,2010-08-13 14:40:00
3.0,22.5,7.9,2010-08-13 14:40:00
3.5,22.5,8.0,2010-08-13 14:40:00
4.0,22.3,7.0,2010-08-13 14:40:00
4.5,21.9,5.5,2010-08-13 14:40:00
5.0,20.8,3.3,2010-08-13 14:40:00
5.5,18.5,1.7,2010-08-13 14:40:00
6.0,16.0,0.1,2010-08-13 14:40:00
6.5,13.9,0.0,2010-08-13 14:40:00
7.0,,,2010-08-13 14:40:00
7.5,,,2010-08-13 14:40:00
8.0,,,2010-08-13 14:40:00
8.5,,,2010-08-13 14:40:00
9.0,,,2010-08-13 14:40:00
9.5,,,2010-08-13 14:40:00
10.0,,,2010-08-13 14:40:00
0.0,22.2,8.0,2010-08-16 07:30:00
0.5,22.2,7.6,2010-08-16 07:30:00
1.0,22.2,7.7,2010-08-16 07:30:00
1.5,22.2,7.5,2010-08-16 07:30:00
2.0,22.2,7.67,2010-08-16 07:30:00
2.5,22.2,7.2,2010-08-16 07:30:00
3.0,22.2,7.4,2010-08-16 07:30:00
3.5,22.1,7.1,2010-08-16 07:30:00
4.0,22.0,6.7,2010-08-16 07:30:00
4.5,21.7,4.9,2010-08-16 07:30:00
5.0,20.7,2.0,2010-08-16 07:30:00
5.5,19.7,1.75,2010-08-16 07:30:00
6.0,16.0,0.0,2010-08-16 07:30:00
6.5,,,2010-08-16 07:30:00
7.0,,,2010-08-16 07:30:00
7.5,,,2010-08-16 07:30:00
8.0,,,2010-08-16 07:30:00
8.5,,,2010-08-16 07:30:00
9.0,,,2010-08-16 07:30:00
9.5,,,2010-08-16 07:30:00
10.0,,,2010-08-16 07:30:00
0.0,22.6,8.7,2010-08-16 17:15:00
0.5,22.6,8.6,2010-08-16 17:15:00
1.0,22.6,8.4,2010-08-16 17:15:00
1.5,22.6,8.4,2010-08-16 17:15:00
2.0,22.6,8.5,2010-08-16 17:15:00
2.5,22.5,8.2,2010-08-16 17:15:00
3.0,22.3,8.0,2010-08-16 17:15:00
3.5,22.2,7.7,2010-08-16 17:15:00
4.0,22.2,8.0,2010-08-16 17:15:00
4.5,22.1,7.3,2010-08-16 17:15:00
5.0,21.3,3.3,2010-08-16 17:15:00
5.5,19.2,1.4,2010-08-16 17:15:00
6.0,16.2,0.0,2010-08-16 17:15:00
6.5,,,2010-08-16 17:15:00
7.0,,,2010-08-16 17:15:00
7.5,,,2010-08-16 17:15:00
8.0,,,2010-08-16 17:15:00
8.5,,,2010-08-16 17:15:00
9.0,,,2010-08-16 17:15:00
9.5,,,2010-08-16 17:15:00
10.0,,,2010-08-16 17:15:00
0.0,22.2,8.4,2010-08-17 07:30:00
0.5,22.2,8.1,2010-08-17 07:30:00
1.0,22.2,8.3,2010-08-17 07:30:00
1.5,22.2,8.2,2010-08-17 07:30:00
2.0,22.2,8.3,2010-08-17 07:30:00
2.5,22.2,8.0,2010-08-17 07:30:00
3.0,22.2,8.0,2010-08-17 07:30:00
3.5,22.2,8.3,2010-08-17 07:30:00
4.0,22.1,7.8,2010-08-17 07:30:00
4.5,21.8,5.3,2010-08-17 07:30:00
5.0,20.7,2.2,2010-08-17 07:30:00
5.5,19.2,0.0,2010-08-17 07:30:00
6.0,,,2010-08-17 07:30:00
6.5,,,2010-08-17 07:30:00
7.0,,,2010-08-17 07:30:00
7.5,,,2010-08-17 07:30:00
8.0,,,2010-08-17 07:30:00
8.5,,,2010-08-17 07:30:00
9.0,,,2010-08-17 07:30:00
9.5,,,2010-08-17 07:30:00
10.0,,,2010-08-17 07:30:00
0.0,22.6,8.4,2010-08-17 19:00:00
0.5,22.6,8.0,2010-08-17 19:00:00
1.0,22.7,8.3,2010-08-17 19:00:00
1.5,22.7,7.7,2010-08-17 19:00:00
2.0,22.7,8.0,2010-08-17 19:00:00
2.5,22.4,7.7,2010-08-17 19:00:00
3.0,22.4,8.0,2010-08-17 19:00:00
3.5,22.3,7.3,2010-08-17 19:00:00
4.0,22.2,7.5,2010-08-17 19:00:00
4.5,21.7,4.8,2010-08-17 19:00:00
5.0,20.8,2.3,2010-08-17 19:00:00
5.5,19.3,1.02,2010-08-17 19:00:00
6.0,16.9,0.0,2010-08-17 19:00:00
6.5,,,2010-08-17 19:00:00
7.0,,,2010-08-17 19:00:00
7.5,,,2010-08-17 19:00:00
8.0,,,2010-08-17 19:00:00
8.5,,,2010-08-17 19:00:00
9.0,,,2010-08-17 19:00:00
9.5,,,2010-08-17 19:00:00
10.0,,,2010-08-17 19:00:00
0.0,21.9,7.9,2010-08-18 07:30:00
0.5,22.0,8.2,2010-08-18 07:30:00
1.0,22.0,8.1,2010-08-18 07:30:00
1.5,22.0,8.1,2010-08-18 07:30:00
2.0,22.0,7.9,2010-08-18 07:30:00
2.5,22.0,8.06,2010-08-18 07:30:00
3.0,22.0,8.2,2010-08-18 07:30:00
3.5,22.0,8.0,2010-08-18 07:30:00
4.0,22.0,8.0,2010-08-18 07:30:00
4.5,21.9,6.5,2010-08-18 07:30:00
5.0,20.7,2.3,2010-08-18 07:30:00
5.5,18.9,0.7,2010-08-18 07:30:00
6.0,16.9,0.0,2010-08-18 07:30:00
6.5,,,2010-08-18 07:30:00
7.0,,,2010-08-18 07:30:00
7.5,,,2010-08-18 07:30:00
8.0,,,2010-08-18 07:30:00
8.5,,,2010-08-18 07:30:00
9.0,,,2010-08-18 07:30:00
9.5,,,2010-08-18 07:30:00
10.0,,,2010-08-18 07:30:00
0.0,22.0,8.9,2010-08-18 15:30:00
0.5,22.0,8.8,2010-08-18 15:30:00
1.0,22.0,8.7,2010-08-18 15:30:00
1.5,22.0,8.7,2010-08-18 15:30:00
2.0,22.0,8.8,2010-08-18 15:30:00
2.5,21.9,8.8,2010-08-18 15:30:00
3.0,21.9,8.7,2010-08-18 15:30:00
3.5,21.8,8.7,2010-08-18 15:30:00
4.0,21.8,8.7,2010-08-18 15:30:00
4.5,21.4,6.0,2010-08-18 15:30:00
5.0,21.2,3.5,2010-08-18 15:30:00
5.5,19.1,0.5,2010-08-18 15:30:00
6.0,17.0,0.0,2010-08-18 15:30:00
6.5,,,2010-08-18 15:30:00
7.0,,,2010-08-18 15:30:00
7.5,,,2010-08-18 15:30:00
8.0,,,2010-08-18 15:30:00
8.5,,,2010-08-18 15:30:00
9.0,,,2010-08-18 15:30:00
9.5,,,2010-08-18 15:30:00
10.0,,,2010-08-18 15:30:00
0.0,21.5,8.9,2010-08-18 07:30:00
0.5,21.5,8.7,2010-08-18 07:30:00
1.0,21.5,9.0,2010-08-18 07:30:00
1.5,21.5,8.8,2010-08-18 07:30:00
2.0,21.5,8.6,2010-08-18 07:30:00
2.5,21.5,8.8,2010-08-18 07:30:00
3.0,21.5,8.8,2010-08-18 07:30:00
3.5,21.5,8.9,2010-08-18 07:30:00
4.0,21.5,8.8,2010-08-18 07:30:00
4.5,21.5,8.9,2010-08-18 07:30:00
5.0,21.0,4.4,2010-08-18 07:30:00
5.5,19.0,0.0,2010-08-18 07:30:00
6.0,,,2010-08-18 07:30:00
6.5,,,2010-08-18 07:30:00
7.0,,,2010-08-18 07:30:00
7.5,,,2010-08-18 07:30:00
8.0,,,2010-08-18 07:30:00
8.5,,,2010-08-18 07:30:00
9.0,,,2010-08-18 07:30:00
9.5,,,2010-08-18 07:30:00
10.0,,,2010-08-18 07:30:00
0.0,21.9,7.9,2010-08-19 15:15:00
0.5,21.8,7.9,2010-08-19 15:15:00
1.0,21.8,7.9,2010-08-19 15:15:00
1.5,21.7,7.6,2010-08-19 15:15:00
2.0,21.7,7.6,2010-08-19 15:15:00
2.5,21.7,7.7,2010-08-19 15:15:00
3.0,21.7,7.7,2010-08-19 15:15:00
3.5,21.7,7.7,2010-08-19 15:15:00
4.0,21.6,7.7,2010-08-19 15:15:00
4.5,21.4,7.1,2010-08-19 15:15:00
5.0,21.0,6.0,2010-08-19 15:15:00
5.5,19.7,1.4,2010-08-19 15:15:00
6.0,16.8,0.48,2010-08-19 15:15:00
6.5,14.2,0.06,2010-08-19 15:15:00
7.0,,,2010-08-19 15:15:00
7.5,,,2010-08-19 15:15:00
8.0,,,2010-08-19 15:15:00
8.5,,,2010-08-19 15:15:00
9.0,,,2010-08-19 15:15:00
9.5,,,2010-08-19 15:15:00
10.0,,,2010-08-19 15:15:00
0.0,20.8,8.2,2010-08-26 15:00:00
0.5,20.8,8.0,2010-08-26 15:00:00
1.0,20.8,8.0,2010-08-26 15:00:00
1.5,20.8,8.0,2010-08-26 15:00:00
2.0,20.8,8.0,2010-08-26 15:00:00
2.5,20.8,8.0,2010-08-26 15:00:00
3.0,20.8,7.8,2010-08-26 15:00:00
3.5,20.7,7.5,2010-08-26 15:00:00
4.0,20.7,7.8,2010-08-26 15:00:00
4.5,20.7,7.8,2010-08-26 15:00:00
5.0,20.6,8.1,2010-08-26 15:00:00
5.5,20.3,6.5,2010-08-26 15:00:00
6.0,18.7,0.6,2010-08-26 15:00:00
6.5,14.6,0.1,2010-08-26 15:00:00
7.0,,,2010-08-26 15:00:00
7.5,,,2010-08-26 15:00:00
8.0,,,2010-08-26 15:00:00
8.5,,,2010-08-26 15:00:00
9.0,,,2010-08-26 15:00:00
9.5,,,2010-08-26 15:00:00
10.0,,,2010-08-26 15:00:00
0.0,17.9,7.06,2011-09-14 00:00:00
0.5,17.9,6.98,2011-09-14 00:00:00
1.0,17.9,6.92,2011-09-14 00:00:00
1.5,17.9,6.9,2011-09-14 00:00:00
2.0,17.9,6.82,2011-09-14 00:00:00
2.5,17.9,6.85,2011-09-14 00:00:00
3.0,17.9,6.78,2011-09-14 00:00:00
3.5,17.9,6.65,2011-09-14 00:00:00
4.0,17.8,5.87,2011-09-14 00:00:00
4.5,17.5,4.03,2011-09-14 00:00:00
5.0,17.4,3.68,2011-09-14 00:00:00
5.5,17.2,1.88,2011-09-14 00:00:00
6.0,16.9,0.07,2011-09-14 00:00:00
6.5,15.1,0.0,2011-09-14 00:00:00
7.0,13.3,0.0,2011-09-14 00:00:00
7.5,,,2011-09-14 00:00:00
8.0,,,2011-09-14 00:00:00
8.5,,,2011-09-14 00:00:00
9.0,,,2011-09-14 00:00:00
0.0,12.1,4.85,2011-10-18 12:00:00
0.5,12.1,4.73,2011-10-18 12:00:00
1.0,12.0,4.66,2011-10-18 12:00:00
1.5,12.0,4.61,2011-10-18 12:00:00
2.0,12.0,4.56,2011-10-18 12:00:00
2.5,12.0,4.53,2011-10-18 12:00:00
3.0,12.0,4.49,2011-10-18 12:00:00
3.5,12.0,4.48,2011-10-18 12:00:00
4.0,12.0,4.33,2011-10-18 12:00:00
4.5,12.0,4.33,2011-10-18 12:00:00
5.0,12.0,4.11,2011-10-18 12:00:00
5.5,12.0,4.05,2011-10-18 12:00:00
6.0,11.9,3.82,2011-10-18 12:00:00
6.5,11.9,3.73,2011-10-18 12:00:00
7.0,11.9,3.16,2011-10-18 12:00:00
7.5,11.8,3.21,2011-10-18 12:00:00
8.0,11.7,2.8,2011-10-18 12:00:00
8.5,,,2011-10-18 12:00:00
9.0,,,2011-10-18 12:00:00
0.0,5.88,10.5,2011-10-23 15:00:00
0.5,5.76,10.5,2011-10-23 15:00:00
1.0,5.72,10.5,2011-10-23 15:00:00
1.5,5.72,10.5,2011-10-23 15:00:00
2.0,5.72,10.5,2011-10-23 15:00:00
2.5,5.69,10.5,2011-10-23 15:00:00
3.0,5.63,10.5,2011-10-23 15:00:00
3.5,5.6,10.5,2011-10-23 15:00:00
4.0,5.57,10.4,2011-10-23 15:00:00
4.5,5.41,10.3,2011-10-23 15:00:00
5.0,5.32,10.3,2011-10-23 15:00:00
5.5,5.25,10.3,2011-10-23 15:00:00
6.0,5.24,10.3,2011-10-23 15:00:00
6.5,5.22,10.2,2011-10-23 15:00:00
7.0,5.22,10.2,2011-10-23 15:00:00
7.5,5.12,10.1,2011-10-23 15:00:00
8.0,5.07,10.1,2011-10-23 15:00:00
8.5,5.0,10.1,2011-10-23 15:00:00
9.0,,,2011-10-23 15:00:00
0.0,9.0,6.42,2011-11-08 00:00:00
0.5,9.0,7.35,2011-11-08 00:00:00
1.0,9.0,7.84,2011-11-08 00:00:00
1.5,9.0,7.8,2011-11-08 00:00:00
2.0,9.0,7.68,2011-11-08 00:00:00
2.5,9.0,7.66,2011-11-08 00:00:00
3.0,9.0,7.26,2011-11-08 00:00:00
3.5,9.0,7.35,2011-11-08 00:00:00
4.0,9.0,6.95,2011-11-08 00:00:00
4.5,9.0,6.9,2011-11-08 00:00:00
5.0,9.0,6.85,2011-11-08 00:00:00
5.5,9.0,6.85,2011-11-08 00:00:00
6.0,9.0,6.78,2011-11-08 00:00:00
6.5,9.0,6.79,2011-11-08 00:00:00
7.0,9.0,6.76,2011-11-08 00:00:00
7.5,9.0,6.67,2011-11-08 00:00:00
8.0,9.0,6.66,2011-11-08 00:00:00
8.5,9.0,6.65,2011-11-08 00:00:00
9.0,9.4,0.38,2011-11-08 00:00:00
0.0,6.8,6.82,2011-11-15 00:00:00
0.5,6.8,6.66,2011-11-15 00:00:00
1.0,6.8,6.59,2011-11-15 00:00:00
1.5,6.8,6.61,2011-11-15 00:00:00
2.0,6.8,6.63,2011-11-15 00:00:00
2.5,6.8,6.6,2011-11-15 00:00:00
3.0,6.8,6.52,2011-11-15 00:00:00
3.5,6.8,6.6,2011-11-15 00:00:00
4.0,6.8,6.57,2011-11-15 00:00:00
4.5,6.8,6.59,2011-11-15 00:00:00
5.0,6.8,6.61,2011-11-15 00:00:00
5.5,6.8,6.57,2011-11-15 00:00:00
6.0,6.8,6.53,2011-11-15 00:00:00
6.5,6.8,6.58,2011-11-15 00:00:00
7.0,6.8,6.54,2011-11-15 00:00:00
7.5,6.8,6.45,2011-11-15 00:00:00
8.0,6.8,6.48,2011-11-15 00:00:00
8.5,6.8,6.25,2011-11-15 00:00:00
9.0,,,2011-11-15 00:00:00
9.5,,,2011-11-15 00:00:00
10.0,,,2011-11-15 00:00:00
0.0,3.6,11.81,2011-12-13 00:00:00
0.5,3.6,11.75,2011-12-13 00:00:00
1.0,3.6,11.67,2011-12-13 00:00:00
1.5,3.6,11.68,2011-12-13 00:00:00
2.0,3.6,11.72,2011-12-13 00:00:00
2.5,3.6,11.67,2011-12-13 00:00:00
3.0,3.6,11.64,2011-12-13 00:00:00
3.5,3.6,11.62,2011-12-13 00:00:00
4.0,3.6,11.76,2011-12-13 00:00:00
4.5,3.6,11.68,2011-12-13 00:00:00
5.0,3.6,11.72,2011-12-13 00:00:00
5.5,3.6,11.59,2011-12-13 00:00:00
6.0,3.6,11.61,2011-12-13 00:00:00
6.5,3.6,11.62,2011-12-13 00:00:00
7.0,3.6,11.6,2011-12-13 00:00:00
7.5,3.6,11.63,2011-12-13 00:00:00
8.0,3.7,11.59,2011-12-13 00:00:00
8.5,3.7,11.62,2011-12-13 00:00:00
9.0,4.2,6.1,2011-12-13 00:00:00
9.5,,,2011-12-13 00:00:00
10.0,,,2011-12-13 00:00:00
0.0,3.6,12.76,2012-01-11 09:00:00
0.5,3.6,12.44,2012-01-11 09:00:00
1.0,3.6,12.76,2012-01-11 09:00:00
1.5,3.6,12.44,2012-01-11 09:00:00
2.0,3.6,12.82,2012-01-11 09:00:00
2.5,3.6,12.75,2012-01-11 09:00:00
3.0,3.6,12.78,2012-01-11 09:00:00
3.5,3.6,12.66,2012-01-11 09:00:00
4.0,3.6,12.71,2012-01-11 09:00:00
4.5,3.6,12.71,2012-01-11 09:00:00
5.0,3.6,12.77,2012-01-11 09:00:00
5.5,3.6,12.67,2012-01-11 09:00:00
6.0,3.6,12.71,2012-01-11 09:00:00
6.5,3.6,12.68,2012-01-11 09:00:00
7.0,3.6,12.65,2012-01-11 09:00:00
7.5,3.6,12.63,2012-01-11 09:00:00
8.0,3.6,12.65,2012-01-11 09:00:00
8.5,3.6,12.66,2012-01-11 09:00:00
9.0,3.7,,2012-01-11 09:00:00
9.5,,,2012-01-11 09:00:00
10.0,,,2012-01-11 09:00:00
0.0,,10.68,2012-02-07 09:00:00
0.5,3.1,11.01,2012-02-07 09:00:00
1.0,3.1,11.07,2012-02-07 09:00:00
1.5,3.1,11.01,2012-02-07 09:00:00
2.0,3.1,10.9,2012-02-07 09:00:00
2.5,3.1,11.04,2012-02-07 09:00:00
3.0,3.1,11.07,2012-02-07 09:00:00
3.5,3.1,11.03,2012-02-07 09:00:00
4.0,3.1,10.98,2012-02-07 09:00:00
4.5,3.1,11.01,2012-02-07 09:00:00
5.0,3.1,11.06,2012-02-07 09:00:00
5.5,3.2,10.92,2012-02-07 09:00:00
6.0,3.3,9.47,2012-02-07 09:00:00
6.5,3.4,9.15,2012-02-07 09:00:00
7.0,3.5,7.84,2012-02-07 09:00:00
7.5,3.5,7.84,2012-02-07 09:00:00
8.0,3.5,7.58,2012-02-07 09:00:00
8.5,4.0,0.0,2012-02-07 09:00:00
9.0,,,2012-02-07 09:00:00
9.5,,,2012-02-07 09:00:00
10.0,,,2012-02-07 09:00:00
0.0,0.3,10.08,2012-02-22 00:00:00
0.5,3.1,10.36,2012-02-22 00:00:00
1.0,3.4,10.04,2012-02-22 00:00:00
1.5,3.5,10.05,2012-02-22 00:00:00
2.0,3.5,10.03,2012-02-22 00:00:00
2.5,3.5,10.01,2012-02-22 00:00:00
3.0,3.5,9.85,2012-02-22 00:00:00
3.5,3.4,9.2,2012-02-22 00:00:00
4.0,3.4,8.69,2012-02-22 00:00:00
4.5,3.5,8.39,2012-02-22 00:00:00
5.0,3.5,7.98,2012-02-22 00:00:00
5.5,3.6,7.69,2012-02-22 00:00:00
6.0,3.6,7.45,2012-02-22 00:00:00
6.5,3.8,6.18,2012-02-22 00:00:00
7.0,3.8,6.18,2012-02-22 00:00:00
7.5,3.8,4.97,2012-02-22 00:00:00
8.0,4.1,0.45,2012-02-22 00:00:00
8.5,,,2012-02-22 00:00:00
9.0,,,2012-02-22 00:00:00
9.5,,,2012-02-22 00:00:00
10.0,,,2012-02-22 00:00:00
0.0,2.9,9.11,2012-03-07 19:45:00
0.5,3.1,9.08,2012-03-07 19:45:00
1.0,3.5,9.07,2012-03-07 19:45:00
1.5,3.6,9.15,2012-03-07 19:45:00
2.0,3.7,9.07,2012-03-07 19:45:00
2.5,3.7,9.12,2012-03-07 19:45:00
3.0,3.7,9.1,2012-03-07 19:45:00
3.5,3.7,9.03,2012-03-07 19:45:00
4.0,3.8,9.04,2012-03-07 19:45:00
4.5,3.8,6.46,2012-03-07 19:45:00
5.0,3.8,6.08,2012-03-07 19:45:00
5.5,3.8,5.64,2012-03-07 19:45:00
6.0,3.9,5.06,2012-03-07 19:45:00
6.5,3.9,4.72,2012-03-07 19:45:00
7.0,3.9,3.62,2012-03-07 19:45:00
7.5,4.1,2.21,2012-03-07 19:45:00
8.0,4.1,1.78,2012-03-07 19:45:00
8.5,,,2012-03-07 19:45:00
9.0,,,2012-03-07 19:45:00
9.5,,,2012-03-07 19:45:00
10.0,,,2012-03-07 19:45:00
0.0,7.6,11.84,2012-04-04 20:00:00
0.5,7.6,11.84,2012-04-04 20:00:00
1.0,7.6,11.81,2012-04-04 20:00:00
1.5,7.6,11.78,2012-04-04 20:00:00
2.0,7.6,11.8,2012-04-04 20:00:00
2.5,7.6,11.75,2012-04-04 20:00:00
3.0,7.6,11.76,2012-04-04 20:00:00
3.5,7.6,11.74,2012-04-04 20:00:00
4.0,7.6,11.73,2012-04-04 20:00:00
4.5,7.6,11.73,2012-04-04 20:00:00
5.0,7.6,11.7,2012-04-04 20:00:00
5.5,7.6,11.75,2012-04-04 20:00:00
6.0,7.5,11.59,2012-04-04 20:00:00
6.5,6.0,6.97,2012-04-04 20:00:00
7.0,5.6,5.87,2012-04-04 20:00:00
7.5,5.4,4.62,2012-04-04 20:00:00
8.0,5.3,2.94,2012-04-04 20:00:00
8.5,,,2012-04-04 20:00:00
9.0,,,2012-04-04 20:00:00
9.5,,,2012-04-04 20:00:00
10.0,,,2012-04-04 20:00:00
0.0,15.2,12.46,2012-05-08 08:00:00
0.5,15.2,12.56,2012-05-08 08:00:00
1.0,15.2,12.43,2012-05-08 08:00:00
1.5,15.2,12.41,2012-05-08 08:00:00
2.0,15.2,12.32,2012-05-08 08:00:00
2.5,14.6,9.55,2012-05-08 08:00:00
3.0,12.4,14.9,2012-05-08 08:00:00
3.5,10.4,12.2,2012-05-08 08:00:00
4.0,9.5,10.18,2012-05-08 08:00:00
4.5,8.8,6.92,2012-05-08 08:00:00
5.0,8.2,5.85,2012-05-08 08:00:00
5.5,7.8,4.1,2012-05-08 08:00:00
6.0,7.4,2.24,2012-05-08 08:00:00
6.5,7.3,1.24,2012-05-08 08:00:00
7.0,7.1,0.0,2012-05-08 08:00:00
7.5,7.1,0.0,2012-05-08 08:00:00
8.0,7.0,0.0,2012-05-08 08:00:00
8.5,,,2012-05-08 08:00:00
9.0,,,2012-05-08 08:00:00
9.5,,,2012-05-08 08:00:00
10.0,,,2012-05-08 08:00:00
0.0,18.8,10.18,2012-05-21 16:00:00
0.5,18.7,10.37,2012-05-21 16:00:00
1.0,18.7,10.35,2012-05-21 16:00:00
1.5,18.7,10.37,2012-05-21 16:00:00
2.0,18.0,9.94,2012-05-21 16:00:00
2.5,14.7,8.87,2012-05-21 16:00:00
3.0,14.0,7.83,2012-05-21 16:00:00
3.5,12.5,6.9,2012-05-21 16:00:00
4.0,11.0,6.56,2012-05-21 16:00:00
4.5,9.4,4.95,2012-05-21 16:00:00
5.0,8.5,2.46,2012-05-21 16:00:00
5.5,7.9,1.18,2012-05-21 16:00:00
6.0,7.8,0.41,2012-05-21 16:00:00
6.5,7.6,0.05,2012-05-21 16:00:00
7.0,7.5,0.0,2012-05-21 16:00:00
7.5,,,2012-05-21 16:00:00
8.0,,,2012-05-21 16:00:00
8.5,,,2012-05-21 16:00:00
9.0,,,2012-05-21 16:00:00
9.5,,,2012-05-21 16:00:00
10.0,,,2012-05-21 16:00:00
0.0,16.4,7.14,2012-06-05 17:15:00
0.5,16.4,7.01,2012-06-05 17:15:00
1.0,16.4,6.98,2012-06-05 17:15:00
1.5,16.4,6.97,2012-06-05 17:15:00
2.0,16.4,6.98,2012-06-05 17:15:00
2.5,16.1,5.62,2012-06-05 17:15:00
3.0,15.9,4.74,2012-06-05 17:15:00
3.5,15.1,3.25,2012-06-05 17:15:00
4.0,12.6,3.3,2012-06-05 17:15:00
4.5,10.1,2.31,2012-06-05 17:15:00
5.0,9.1,1.12,2012-06-05 17:15:00
5.5,8.3,0.14,2012-06-05 17:15:00
6.0,8.0,0.06,2012-06-05 17:15:00
6.5,7.6,0.03,2012-06-05 17:15:00
7.0,7.4,0.03,2012-06-05 17:15:00
7.5,7.2,0.0,2012-06-05 17:15:00
8.0,7.1,0.0,2012-06-05 17:15:00
8.5,7.0,0.0,2012-06-05 17:15:00
9.0,,,2012-06-05 17:15:00
9.5,,,2012-06-05 17:15:00
10.0,,,2012-06-05 17:15:00
0.0,20.8,10.26,2012-06-18 09:30:00
0.5,20.7,10.06,2012-06-18 09:30:00
1.0,20.2,9.95,2012-06-18 09:30:00
1.5,20.2,9.65,2012-06-18 09:30:00
2.0,20.0,8.82,2012-06-18 09:30:00
2.5,19.0,4.8,2012-06-18 09:30:00
3.0,17.8,2.23,2012-06-18 09:30:00
3.5,16.1,0.75,2012-06-18 09:30:00
4.0,13.1,0.31,2012-06-18 09:30:00
4.5,10.6,0.06,2012-06-18 09:30:00
5.0,9.6,0.06,2012-06-18 09:30:00
5.5,8.6,0.03,2012-06-18 09:30:00
6.0,8.5,0.0,2012-06-18 09:30:00
6.5,8.1,0.0,2012-06-18 09:30:00
7.0,7.8,0.0,2012-06-18 09:30:00
7.5,7.5,0.0,2012-06-18 09:30:00
8.0,7.4,0.0,2012-06-18 09:30:00
8.5,7.3,0.0,2012-06-18 09:30:00
9.0,,,2012-06-18 09:30:00
9.5,,,2012-06-18 09:30:00
10.0,,,2012-06-18 09:30:00
0.0,17.4,9.93,2012-06-28 09:30:00
0.5,17.4,9.85,2012-06-28 09:30:00
1.0,17.3,9.63,2012-06-28 09:30:00
1.5,17.2,8.85,2012-06-28 09:30:00
2.0,17.1,8.51,2012-06-28 09:30:00
2.5,17.1,7.49,2012-06-28 09:30:00
3.0,17.0,6.61,2012-06-28 09:30:00
3.5,16.6,4.3,2012-06-28 09:30:00
4.0,15.6,2.82,2012-06-28 09:30:00
4.5,12.0,0.21,2012-06-28 09:30:00
5.0,10.3,0.0,2012-06-28 09:30:00
5.5,9.3,0.0,2012-06-28 09:30:00
6.0,8.5,0.0,2012-06-28 09:30:00
6.5,8.0,0.0,2012-06-28 09:30:00
7.0,7.7,0.0,2012-06-28 09:30:00
7.5,7.4,0.0,2012-06-28 09:30:00
8.0,7.4,0.0,2012-06-28 09:30:00
8.5,7.4,0.0,2012-06-28 09:30:00
9.0,,,2012-06-28 09:30:00
9.5,,,2012-06-28 09:30:00
10.0,,,2012-06-28 09:30:00
0.0,21.9,11.1,2012-07-03 08:00:00
0.5,21.9,11.0,2012-07-03 08:00:00
1.0,21.9,11.0,2012-07-03 08:00:00
1.5,21.3,15.2,2012-07-03 08:00:00
2.0,17.7,7.4,2012-07-03 08:00:00
2.5,17.2,5.6,2012-07-03 08:00:00
3.0,16.9,4.4,2012-07-03 08:00:00
3.5,16.3,2.8,2012-07-03 08:00:00
4.0,15.0,0.1,2012-07-03 08:00:00
4.5,12.6,0.0,2012-07-03 08:00:00
5.0,10.9,0.0,2012-07-03 08:00:00
5.5,9.6,0.0,2012-07-03 08:00:00
6.0,8.8,0.0,2012-07-03 08:00:00
6.5,8.2,0.0,2012-07-03 08:00:00
7.0,7.9,0.0,2012-07-03 08:00:00
7.5,7.8,0.0,2012-07-03 08:00:00
8.0,7.4,0.0,2012-07-03 08:00:00
8.5,7.4,0.0,2012-07-03 08:00:00
9.0,,,2012-07-03 08:00:00
9.5,,,2012-07-03 08:00:00
10.0,,,2012-07-03 08:00:00
0.0,20.2,8.57,2012-07-13 08:00:00
0.5,20.2,8.51,2012-07-13 08:00:00
1.0,20.2,8.48,2012-07-13 08:00:00
1.5,20.2,8.41,2012-07-13 08:00:00
2.0,20.0,4.5,2012-07-13 08:00:00
2.5,18.8,0.3,2012-07-13 08:00:00
3.0,17.4,0.0,2012-07-13 08:00:00
3.5,15.7,0.0,2012-07-13 08:00:00
4.0,15.0,0.0,2012-07-13 08:00:00
4.5,12.9,0.0,2012-07-13 08:00:00
5.0,10.9,0.0,2012-07-13 08:00:00
5.5,9.0,0.0,2012-07-13 08:00:00
6.0,8.5,0.0,2012-07-13 08:00:00
6.5,8.1,0.0,2012-07-13 08:00:00
7.0,8.1,0.0,2012-07-13 08:00:00
7.5,7.9,0.0,2012-07-13 08:00:00
8.0,7.9,0.0,2012-07-13 08:00:00
8.5,7.8,0.0,2012-07-13 08:00:00
9.0,,,2012-07-13 08:00:00
9.5,,,2012-07-13 08:00:00
10.0,,,2012-07-13 08:00:00
0.0,16.2,8.8,2012-07-16 11:15:00
0.5,19.2,8.7,2012-07-16 11:15:00
1.0,19.1,8.7,2012-07-16 11:15:00
1.5,19.1,8.5,2012-07-16 11:15:00
2.0,19.0,8.3,2012-07-16 11:15:00
2.5,18.9,7.5,2012-07-16 11:15:00
3.0,16.8,0.3,2012-07-16 11:15:00
3.5,16.0,0.06,2012-07-16 11:15:00
4.0,14.7,0.0,2012-07-16 11:15:00
4.5,13.3,0.0,2012-07-16 11:15:00
5.0,10.4,0.0,2012-07-16 11:15:00
5.5,9.3,0.0,2012-07-16 11:15:00
6.0,8.6,0.0,2012-07-16 11:15:00
6.5,8.1,0.0,2012-07-16 11:15:00
7.0,8.1,0.0,2012-07-16 11:15:00
7.5,8.0,0.0,2012-07-16 11:15:00
8.0,7.9,0.0,2012-07-16 11:15:00
8.5,7.9,0.0,2012-07-16 11:15:00
9.0,,,2012-07-16 11:15:00
9.5,,,2012-07-16 11:15:00
10.0,,,2012-07-16 11:15:00
,,,2012-07-16 11:15:00
0.0,23.6,11.78,2012-07-26 08:00:00
0.5,23.6,11.75,2012-07-26 08:00:00
1.0,22.7,12.6,2012-07-26 08:00:00
1.5,20.1,14.9,2012-07-26 08:00:00
2.0,18.4,6.4,2012-07-26 08:00:00
2.5,18.0,4.72,2012-07-26 08:00:00
3.0,17.6,2.22,2012-07-26 08:00:00
3.5,17.0,0.0,2012-07-26 08:00:00
4.0,15.4,0.0,2012-07-26 08:00:00
4.5,12.8,0.0,2012-07-26 08:00:00
5.0,11.2,0.0,2012-07-26 08:00:00
5.5,9.7,0.0,2012-07-26 08:00:00
6.0,8.9,0.0,2012-07-26 08:00:00
6.5,8.4,0.0,2012-07-26 08:00:00
7.0,8.1,0.0,2012-07-26 08:00:00
7.5,7.9,0.0,2012-07-26 08:00:00
8.0,7.8,0.0,2012-07-26 08:00:00
8.5,0.0,0.0,2012-07-26 08:00:00
9.0,,,2012-07-26 08:00:00
9.5,,,2012-07-26 08:00:00
10.0,,,2012-07-26 08:00:00
0.0,21.9,8.08,2012-08-02 08:10:00
0.5,21.9,8.02,2012-08-02 08:10:00
1.0,21.9,7.9,2012-08-02 08:10:00
1.5,21.5,4.6,2012-08-02 08:10:00
2.0,21.0,2.7,2012-08-02 08:10:00
2.5,19.3,0.1,2012-08-02 08:10:00
3.0,17.7,0.0,2012-08-02 08:10:00
3.5,16.1,0.0,2012-08-02 08:10:00
4.0,15.7,0.0,2012-08-02 08:10:00
4.5,13.3,0.0,2012-08-02 08:10:00
5.0,11.2,0.0,2012-08-02 08:10:00
5.5,10.2,0.0,2012-08-02 08:10:00
6.0,9.6,0.0,2012-08-02 08:10:00
6.5,8.6,0.0,2012-08-02 08:10:00
7.0,8.2,0.0,2012-08-02 08:10:00
7.5,7.9,0.0,2012-08-02 08:10:00
8.0,7.8,0.0,2012-08-02 08:10:00
8.5,,0.0,2012-08-02 08:10:00
9.0,,,2012-08-02 08:10:00
9.5,,,2012-08-02 08:10:00
10.0,,,2012-08-02 08:10:00
0.0,19.6,4.43,2012-08-28 08:45:00
0.5,19.6,4.36,2012-08-28 08:45:00
1.0,19.6,4.31,2012-08-28 08:45:00
1.5,19.6,4.0,2012-08-28 08:45:00
2.0,19.5,3.95,2012-08-28 08:45:00
2.5,19.5,3.8,2012-08-28 08:45:00
3.0,19.5,3.72,2012-08-28 08:45:00
3.5,17.7,0.0,2012-08-28 08:45:00
4.0,16.5,0.0,2012-08-28 08:45:00
4.5,,0.0,2012-08-28 08:45:00
5.0,,0.0,2012-08-28 08:45:00
5.5,,0.0,2012-08-28 08:45:00
6.0,,0.0,2012-08-28 08:45:00
6.5,,0.0,2012-08-28 08:45:00
7.0,,0.0,2012-08-28 08:45:00
7.5,,0.0,2012-08-28 08:45:00
8.0,,0.0,2012-08-28 08:45:00
8.5,,0.0,2012-08-28 08:45:00
9.0,,,2012-08-28 08:45:00
9.5,,,2012-08-28 08:45:00
10.0,,,2012-08-28 08:45:00
0.0,20.4,5.06,2012-08-30 08:45:00
0.5,20.4,4.93,2012-08-30 08:45:00
1.0,20.2,5.11,2012-08-30 08:45:00
1.5,19.8,4.18,2012-08-30 08:45:00
2.0,19.7,3.67,2012-08-30 08:45:00
2.5,19.4,2.02,2012-08-30 08:45:00
3.0,19.2,1.42,2012-08-30 08:45:00
3.5,18.5,0.0,2012-08-30 08:45:00
4.0,16.9,0.0,2012-08-30 08:45:00
4.5,14.9,0.0,2012-08-30 08:45:00
5.0,13.0,0.0,2012-08-30 08:45:00
5.5,,0.0,2012-08-30 08:45:00
6.0,,0.0,2012-08-30 08:45:00
6.5,,0.0,2012-08-30 08:45:00
7.0,,0.0,2012-08-30 08:45:00
7.5,,0.0,2012-08-30 08:45:00
8.0,,0.0,2012-08-30 08:45:00
8.5,,0.0,2012-08-30 08:45:00
9.0,,,2012-08-30 08:45:00
9.5,,,2012-08-30 08:45:00
10.0,,,2012-08-30 08:45:00
0.0,15.2,8.28,2012-09-27 11:00:00
0.5,15.2,8.16,2012-09-27 11:00:00
1.0,15.2,8.11,2012-09-27 11:00:00
1.5,15.1,7.31,2012-09-27 11:00:00
2.0,14.7,4.91,2012-09-27 11:00:00
2.5,14.5,5.03,2012-09-27 11:00:00
3.0,14.5,4.84,2012-09-27 11:00:00
3.5,14.4,4.72,2012-09-27 11:00:00
4.0,14.4,4.15,2012-09-27 11:00:00
4.5,14.3,3.89,2012-09-27 11:00:00
5.0,14.0,0.91,2012-09-27 11:00:00
5.5,,,2012-09-27 11:00:00
6.0,,,2012-09-27 11:00:00
6.5,,,2012-09-27 11:00:00
7.0,,,2012-09-27 11:00:00
7.5,,,2012-09-27 11:00:00
8.0,,,2012-09-27 11:00:00
8.5,,,2012-09-27 11:00:00
9.0,,,2012-09-27 11:00:00
9.5,,,2012-09-27 11:00:00
10.0,,,2012-09-27 11:00:00
0.0,12.6,5.29,2012-10-09 11:20:00
0.5,12.6,5.18,2012-10-09 11:20:00
1.0,12.6,5.23,2012-10-09 11:20:00
1.5,12.6,4.81,2012-10-09 11:20:00
2.0,12.6,4.84,2012-10-09 11:20:00
2.5,12.5,4.43,2012-10-09 11:20:00
3.0,12.5,4.29,2012-10-09 11:20:00
3.5,12.5,4.21,2012-10-09 11:20:00
4.0,12.5,4.33,2012-10-09 11:20:00
4.5,12.5,3.85,2012-10-09 11:20:00
5.0,12.4,4.09,2012-10-09 11:20:00
5.5,12.4,3.47,2012-10-09 11:20:00
6.0,11.9,,2012-10-09 11:20:00
6.5,,,2012-10-09 11:20:00
7.0,,,2012-10-09 11:20:00
7.5,,,2012-10-09 11:20:00
8.0,,,2012-10-09 11:20:00
8.5,,,2012-10-09 11:20:00
9.0,,,2012-10-09 11:20:00
9.5,,,2012-10-09 11:20:00
10.0,,,2012-10-09 11:20:00
0.0,11.1,3.3,2012-10-19 08:00:00
0.5,11.1,3.32,2012-10-19 08:00:00
1.0,11.1,3.34,2012-10-19 08:00:00
1.5,11.1,3.18,2012-10-19 08:00:00
2.0,11.1,3.15,2012-10-19 08:00:00
2.5,11.1,3.45,2012-10-19 08:00:00
3.0,11.0,2.13,2012-10-19 08:00:00
3.5,11.0,1.94,2012-10-19 08:00:00
4.0,11.0,1.76,2012-10-19 08:00:00
4.5,10.9,1.13,2012-10-19 08:00:00
5.0,10.9,0.85,2012-10-19 08:00:00
5.5,,,2012-10-19 08:00:00
6.0,,,2012-10-19 08:00:00
6.5,,,2012-10-19 08:00:00
7.0,,,2012-10-19 08:00:00
7.5,,,2012-10-19 08:00:00
8.0,,,2012-10-19 08:00:00
8.5,,,2012-10-19 08:00:00
9.0,,,2012-10-19 08:00:00
9.5,,,2012-10-19 08:00:00
10.0,,,2012-10-19 08:00:00
0.0,8.4,7.15,2012-10-31 08:00:00
0.5,8.4,6.95,2012-10-31 08:00:00
1.0,8.4,6.92,2012-10-31 08:00:00
1.5,8.4,6.91,2012-10-31 08:00:00
2.0,8.4,6.92,2012-10-31 08:00:00
2.5,8.4,6.84,2012-10-31 08:00:00
3.0,8.4,6.83,2012-10-31 08:00:00
3.5,8.4,6.86,2012-10-31 08:00:00
4.0,8.4,6.88,2012-10-31 08:00:00
4.5,8.4,6.81,2012-10-31 08:00:00
5.0,8.4,6.87,2012-10-31 08:00:00
5.5,8.4,6.81,2012-10-31 08:00:00
6.0,8.4,6.89,2012-10-31 08:00:00
6.5,8.4,6.87,2012-10-31 08:00:00
7.0,8.4,6.76,2012-10-31 08:00:00
7.5,8.4,6.75,2012-10-31 08:00:00
8.0,8.4,6.75,2012-10-31 08:00:00
8.5,8.4,6.78,2012-10-31 08:00:00
9.0,8.4,,2012-10-31 08:00:00
9.5,,,2012-10-31 08:00:00
10.0,,,2012-10-31 08:00:00
0.0,7.8,8.95,2012-11-06 08:45:00
0.5,7.8,8.73,2012-11-06 08:45:00
1.0,7.8,8.71,2012-11-06 08:45:00
1.5,7.8,8.69,2012-11-06 08:45:00
2.0,7.8,8.65,2012-11-06 08:45:00
2.5,7.8,8.59,2012-11-06 08:45:00
3.0,7.8,8.63,2012-11-06 08:45:00
3.5,7.8,8.64,2012-11-06 08:45:00
4.0,7.8,8.54,2012-11-06 08:45:00
4.5,7.8,8.62,2012-11-06 08:45:00
5.0,7.8,8.59,2012-11-06 08:45:00
5.5,7.8,8.61,2012-11-06 08:45:00
6.0,7.8,8.7,2012-11-06 08:45:00
6.5,7.8,8.61,2012-11-06 08:45:00
7.0,7.8,8.67,2012-11-06 08:45:00
7.5,7.8,8.64,2012-11-06 08:45:00
8.0,7.8,8.67,2012-11-06 08:45:00
8.5,7.8,8.64,2012-11-06 08:45:00
9.0,7.8,,2012-11-06 08:45:00
9.5,,,2012-11-06 08:45:00
10.0,,,2012-11-06 08:45:00
0.0,5.7,11.76,2012-11-28 00:00:00
0.5,5.7,11.59,2012-11-28 00:00:00
1.0,5.7,11.25,2012-11-28 00:00:00
1.5,5.7,11.14,2012-11-28 00:00:00
2.0,5.7,11.03,2012-11-28 00:00:00
2.5,5.6,11.1,2012-11-28 00:00:00
3.0,5.6,11.07,2012-11-28 00:00:00
3.5,5.6,11.11,2012-11-28 00:00:00
4.0,5.6,11.04,2012-11-28 00:00:00
4.5,5.6,11.02,2012-11-28 00:00:00
5.0,5.6,11.04,2012-11-28 00:00:00
5.5,5.6,11.03,2012-11-28 00:00:00
6.0,5.6,11.0,2012-11-28 00:00:00
6.5,5.6,10.96,2012-11-28 00:00:00
7.0,5.6,10.94,2012-11-28 00:00:00
7.5,5.6,10.9,2012-11-28 00:00:00
8.0,5.6,10.85,2012-11-28 00:00:00
8.5,5.6,10.86,2012-11-28 00:00:00
9.0,,,2012-11-28 00:00:00
9.5,,,2012-11-28 00:00:00
10.0,,,2012-11-28 00:00:00
0.0,4.1,12.58,2012-12-05 08:15:00
0.5,4.2,12.51,2012-12-05 08:15:00
1.0,4.2,12.4,2012-12-05 08:15:00
1.5,4.2,12.42,2012-12-05 08:15:00
2.0,4.2,12.4,2012-12-05 08:15:00
2.5,4.2,12.46,2012-12-05 08:15:00
3.0,4.2,12.32,2012-12-05 08:15:00
3.5,4.2,12.31,2012-12-05 08:15:00
4.0,4.2,12.42,2012-12-05 08:15:00
4.5,4.2,12.36,2012-12-05 08:15:00
5.0,4.2,12.34,2012-12-05 08:15:00
5.5,4.2,12.33,2012-12-05 08:15:00
6.0,4.2,12.36,2012-12-05 08:15:00
6.5,4.2,12.29,2012-12-05 08:15:00
7.0,4.2,12.31,2012-12-05 08:15:00
7.5,4.2,12.27,2012-12-05 08:15:00
8.0,4.2,12.23,2012-12-05 08:15:00
8.5,4.2,9.26,2012-12-05 08:15:00
9.0,,,2012-12-05 08:15:00
9.5,,,2012-12-05 08:15:00
10.0,,,2012-12-05 08:15:00
0.0,4.0,12.09,2013-01-09 00:00:00
0.5,4.0,12.07,2013-01-09 00:00:00
1.0,4.0,11.97,2013-01-09 00:00:00
1.5,4.0,11.92,2013-01-09 00:00:00
2.0,4.0,11.9,2013-01-09 00:00:00
2.5,4.0,11.81,2013-01-09 00:00:00
3.0,4.0,11.55,2013-01-09 00:00:00
3.5,4.0,11.8,2013-01-09 00:00:00
4.0,4.0,11.78,2013-01-09 00:00:00
4.5,4.0,11.7,2013-01-09 00:00:00
5.0,4.0,11.64,2013-01-09 00:00:00
5.5,4.0,11.58,2013-01-09 00:00:00
6.0,3.9,11.44,2013-01-09 00:00:00
6.5,3.9,10.96,2013-01-09 00:00:00
7.0,3.9,10.8,2013-01-09 00:00:00
7.5,3.9,9.52,2013-01-09 00:00:00
8.0,4.0,8.61,2013-01-09 00:00:00
8.5,4.1,5.54,2013-01-09 00:00:00
9.0,,,2013-01-09 00:00:00
9.5,,,2013-01-09 00:00:00
10.0,,,2013-01-09 00:00:00
0.0,17.5,9.41,2013-05-08 07:45:00
0.5,,9.64,2013-05-08 07:45:00
1.0,,9.68,2013-05-08 07:45:00
1.5,,9.26,2013-05-08 07:45:00
2.0,15.0,10.28,2013-05-08 07:45:00
2.5,13.3,9.92,2013-05-08 07:45:00
3.0,10.1,10.13,2013-05-08 07:45:00
3.5,8.0,7.62,2013-05-08 07:45:00
4.0,6.8,6.2,2013-05-08 07:45:00
4.5,5.5,3.03,2013-05-08 07:45:00
5.0,5.0,1.86,2013-05-08 07:45:00
5.5,4.8,0.53,2013-05-08 07:45:00
6.0,4.7,,2013-05-08 07:45:00
6.5,,,2013-05-08 07:45:00
7.0,,,2013-05-08 07:45:00
7.5,,,2013-05-08 07:45:00
8.0,,,2013-05-08 07:45:00
8.5,,,2013-05-08 07:45:00
9.0,,,2013-05-08 07:45:00
9.5,,,2013-05-08 07:45:00
10.0,,,2013-05-08 07:45:00
0.0,16.7,8.01,2013-05-24 00:00:00
0.5,16.7,7.81,2013-05-24 00:00:00
1.0,16.4,7.72,2013-05-24 00:00:00
1.5,16.3,7.61,2013-05-24 00:00:00
2.0,16.3,7.5,2013-05-24 00:00:00
2.5,16.0,6.65,2013-05-24 00:00:00
3.0,15.1,5.95,2013-05-24 00:00:00
3.5,11.7,5.96,2013-05-24 00:00:00
4.0,8.8,5.33,2013-05-24 00:00:00
4.5,7.2,3.16,2013-05-24 00:00:00
5.0,6.2,0.8,2013-05-24 00:00:00
5.5,5.5,0.25,2013-05-24 00:00:00
6.0,5.1,0.09,2013-05-24 00:00:00
6.5,5.0,0.05,2013-05-24 00:00:00
7.0,,,2013-05-24 00:00:00
7.5,,,2013-05-24 00:00:00
8.0,,,2013-05-24 00:00:00
8.5,,,2013-05-24 00:00:00
9.0,,,2013-05-24 00:00:00
9.5,,,2013-05-24 00:00:00
10.0,,,2013-05-24 00:00:00
0.0,17.4,9.47,2013-06-10 00:20:00
0.5,17.3,9.39,2013-06-10 00:20:00
1.0,16.9,9.27,2013-06-10 00:20:00
1.5,16.8,9.1,2013-06-10 00:20:00
2.0,16.7,9.02,2013-06-10 00:20:00
2.5,16.5,7.5,2013-06-10 00:20:00
3.0,15.9,6.7,2013-06-10 00:20:00
3.5,13.9,4.3,2013-06-10 00:20:00
4.0,11.3,3.05,2013-06-10 00:20:00
4.5,8.8,2.03,2013-06-10 00:20:00
5.0,7.0,0.22,2013-06-10 00:20:00
5.5,6.0,0.0,2013-06-10 00:20:00
6.0,,,2013-06-10 00:20:00
6.5,,,2013-06-10 00:20:00
7.0,,,2013-06-10 00:20:00
7.5,,,2013-06-10 00:20:00
8.0,,,2013-06-10 00:20:00
8.5,,,2013-06-10 00:20:00
9.0,,,2013-06-10 00:20:00
9.5,,,2013-06-10 00:20:00
10.0,,,2013-06-10 00:20:00
0.0,20.5,8.97,2013-06-16 11:00:00
0.5,20.5,8.88,2013-06-16 11:00:00
1.0,20.5,8.7,2013-06-16 11:00:00
1.5,20.5,8.54,2013-06-16 11:00:00
2.0,20.5,8.65,2013-06-16 11:00:00
2.5,18.4,7.86,2013-06-16 11:00:00
3.0,17.4,7.41,2013-06-16 11:00:00
3.5,14.4,6.24,2013-06-16 11:00:00
4.0,11.5,3.9,2013-06-16 11:00:00
4.5,9.5,0.65,2013-06-16 11:00:00
5.0,8.2,0.2,2013-06-16 11:00:00
5.5,6.6,0.1,2013-06-16 11:00:00
6.0,6.0,0.07,2013-06-16 11:00:00
6.5,5.6,0.05,2013-06-16 11:00:00
7.0,5.5,0.07,2013-06-16 11:00:00
7.5,,,2013-06-16 11:00:00
8.0,,,2013-06-16 11:00:00
8.5,,,2013-06-16 11:00:00
9.0,,,2013-06-16 11:00:00
9.5,,,2013-06-16 11:00:00
10.0,,,2013-06-16 11:00:00
0.0,23.4,10.43,2013-07-10 00:15:00
0.5,23.4,10.47,2013-07-10 00:15:00
1.0,23.4,10.65,2013-07-10 00:15:00
1.5,22.5,12.26,2013-07-10 00:15:00
2.0,21.2,13.18,2013-07-10 00:15:00
2.5,20.1,11.44,2013-07-10 00:15:00
3.0,18.4,6.73,2013-07-10 00:15:00
3.5,17.1,3.02,2013-07-10 00:15:00
4.0,13.8,0.17,2013-07-10 00:15:00
4.5,10.6,0.0,2013-07-10 00:15:00
5.0,,,2013-07-10 00:15:00
5.5,,,2013-07-10 00:15:00
6.0,,,2013-07-10 00:15:00
6.5,,,2013-07-10 00:15:00
7.0,,,2013-07-10 00:15:00
7.5,,,2013-07-10 00:15:00
8.0,,,2013-07-10 00:15:00
8.5,,,2013-07-10 00:15:00
9.0,,,2013-07-10 00:15:00
9.5,,,2013-07-10 00:15:00
10.0,,,2013-07-10 00:15:00
0.0,24.4,8.36,2013-08-05 09:30:00
0.5,24.4,8.34,2013-08-05 09:30:00
1.0,24.4,8.26,2013-08-05 09:30:00
1.5,24.4,8.0,2013-08-05 09:30:00
2.0,24.4,8.17,2013-08-05 09:30:00
2.5,23.6,8.46,2013-08-05 09:30:00
3.0,21.5,10.2,2013-08-05 09:30:00
3.5,18.5,3.77,2013-08-05 09:30:00
4.0,16.3,0.15,2013-08-05 09:30:00
4.5,13.0,0.18,2013-08-05 09:30:00
5.0,9.7,0.03,2013-08-05 09:30:00
5.5,8.0,0.04,2013-08-05 09:30:00
6.0,7.0,0.02,2013-08-05 09:30:00
6.5,6.5,0.02,2013-08-05 09:30:00
7.0,6.2,0.01,2013-08-05 09:30:00
7.5,6.1,0.01,2013-08-05 09:30:00
8.0,6.0,0.01,2013-08-05 09:30:00
8.5,,,2013-08-05 09:30:00
9.0,,,2013-08-05 09:30:00
9.5,,,2013-08-05 09:30:00
10.0,,,2013-08-05 09:30:00
0.0,16.5,7.2,2013-09-17 00:00:00
0.5,16.5,7.14,2013-09-17 00:00:00
1.0,16.5,7.01,2013-09-17 00:00:00
1.5,16.4,7.03,2013-09-17 00:00:00
2.0,16.4,6.99,2013-09-17 00:00:00
2.5,16.4,7.14,2013-09-17 00:00:00
3.0,16.3,6.88,2013-09-17 00:00:00
3.5,16.3,6.27,2013-09-17 00:00:00
4.0,16.2,5.85,2013-09-17 00:00:00
4.5,16.1,4.1,2013-09-17 00:00:00
5.0,14.4,0.16,2013-09-17 00:00:00
5.5,12.0,0.01,2013-09-17 00:00:00
6.0,,,2013-09-17 00:00:00
6.5,,,2013-09-17 00:00:00
7.0,,,2013-09-17 00:00:00
7.5,,,2013-09-17 00:00:00
8.0,,,2013-09-17 00:00:00
8.5,,,2013-09-17 00:00:00
9.0,,,2013-09-17 00:00:00
9.5,,,2013-09-17 00:00:00
10.0,,,2013-09-17 00:00:00
0.0,13.1,7.88,2013-10-02 11:00:00
0.5,13.0,7.74,2013-10-02 11:00:00
1.0,13.0,7.4,2013-10-02 11:00:00
1.5,12.9,7.73,2013-10-02 11:00:00
2.0,12.9,7.43,2013-10-02 11:00:00
2.5,12.9,7.72,2013-10-02 11:00:00
3.0,12.9,7.36,2013-10-02 11:00:00
3.5,12.9,7.38,2013-10-02 11:00:00
4.0,12.9,7.38,2013-10-02 11:00:00
4.5,12.8,6.93,2013-10-02 11:00:00
5.0,12.8,7.02,2013-10-02 11:00:00
5.5,12.6,4.48,2013-10-02 11:00:00
6.0,11.2,0.14,2013-10-02 11:00:00
6.5,,,2013-10-02 11:00:00
7.0,,,2013-10-02 11:00:00
7.5,,,2013-10-02 11:00:00
8.0,,,2013-10-02 11:00:00
8.5,,,2013-10-02 11:00:00
9.0,,,2013-10-02 11:00:00
9.5,,,2013-10-02 11:00:00
10.0,,,2013-10-02 11:00:00
0.0,9.4,5.62,2013-11-07 08:00:00
0.5,9.3,5.54,2013-11-07 08:00:00
1.0,9.3,5.52,2013-11-07 08:00:00
1.5,9.3,5.48,2013-11-07 08:00:00
2.0,9.3,5.47,2013-11-07 08:00:00
2.5,9.3,5.5,2013-11-07 08:00:00
3.0,9.3,5.47,2013-11-07 08:00:00
3.5,9.3,5.47,2013-11-07 08:00:00
4.0,9.3,5.51,2013-11-07 08:00:00
4.5,9.3,5.5,2013-11-07 08:00:00
5.0,9.3,5.48,2013-11-07 08:00:00
5.5,9.3,5.47,2013-11-07 08:00:00
6.0,9.3,5.48,2013-11-07 08:00:00
6.5,9.3,5.47,2013-11-07 08:00:00
7.0,9.3,5.49,2013-11-07 08:00:00
7.5,9.3,5.52,2013-11-07 08:00:00
8.0,9.1,0.1,2013-11-07 08:00:00
8.5,,,2013-11-07 08:00:00
9.0,,,2013-11-07 08:00:00
9.5,,,2013-11-07 08:00:00
10.0,,,2013-11-07 08:00:00
0.0,4.3,8.19,2013-12-05 08:00:00
0.5,4.3,8.08,2013-12-05 08:00:00
1.0,4.3,8.08,2013-12-05 08:00:00
1.5,4.3,7.91,2013-12-05 08:00:00
2.0,4.3,7.98,2013-12-05 08:00:00
2.5,4.3,7.96,2013-12-05 08:00:00
3.0,4.3,7.98,2013-12-05 08:00:00
3.5,4.3,7.91,2013-12-05 08:00:00
4.0,4.3,7.94,2013-12-05 08:00:00
4.5,4.3,7.94,2013-12-05 08:00:00
5.0,4.3,7.88,2013-12-05 08:00:00
5.5,4.3,7.94,2013-12-05 08:00:00
6.0,4.3,7.81,2013-12-05 08:00:00
6.5,4.3,7.89,2013-12-05 08:00:00
7.0,4.3,7.84,2013-12-05 08:00:00
7.5,4.3,7.86,2013-12-05 08:00:00
8.0,4.3,7.83,2013-12-05 08:00:00
8.5,4.3,7.8,2013-12-05 08:00:00
9.0,,,2013-12-05 08:00:00
9.5,,,2013-12-05 08:00:00
10.0,,,2013-12-05 08:00:00
0.0,3.4,11.24,2014-01-13 08:55:00
0.5,3.4,11.06,2014-01-13 08:55:00
1.0,3.4,11.05,2014-01-13 08:55:00
1.5,3.4,11.15,2014-01-13 08:55:00
2.0,3.5,11.12,2014-01-13 08:55:00
2.5,3.6,11.04,2014-01-13 08:55:00
3.0,3.6,11.06,2014-01-13 08:55:00
3.5,3.6,11.08,2014-01-13 08:55:00
4.0,3.7,11.04,2014-01-13 08:55:00
4.5,3.7,10.96,2014-01-13 08:55:00
5.0,3.7,10.98,2014-01-13 08:55:00
5.5,3.7,11.01,2014-01-13 08:55:00
6.0,3.7,11.03,2014-01-13 08:55:00
6.5,3.7,11.0,2014-01-13 08:55:00
7.0,3.7,11.03,2014-01-13 08:55:00
7.5,3.7,10.96,2014-01-13 08:55:00
8.0,3.7,10.96,2014-01-13 08:55:00
8.5,3.7,0.8,2014-01-13 08:55:00
9.0,,,2014-01-13 08:55:00
9.5,,,2014-01-13 08:55:00
10.0,,,2014-01-13 08:55:00
0.0,5.1,17.64,2014-03-05 10:15:00
0.5,4.7,18.13,2014-03-05 10:15:00
1.0,4.5,17.94,2014-03-05 10:15:00
1.5,4.5,17.87,2014-03-05 10:15:00
2.0,4.4,17.44,2014-03-05 10:15:00
2.5,4.4,17.24,2014-03-05 10:15:00
3.0,4.4,17.0,2014-03-05 10:15:00
3.5,4.4,16.83,2014-03-05 10:15:00
4.0,4.4,16.95,2014-03-05 10:15:00
4.5,4.3,16.0,2014-03-05 10:15:00
5.0,4.3,15.93,2014-03-05 10:15:00
5.5,4.2,15.71,2014-03-05 10:15:00
6.0,4.2,15.41,2014-03-05 10:15:00
6.5,4.1,14.35,2014-03-05 10:15:00
7.0,3.9,11.41,2014-03-05 10:15:00
7.5,3.7,9.81,2014-03-05 10:15:00
8.0,3.5,7.41,2014-03-05 10:15:00
8.5,3.5,1.6,2014-03-05 10:15:00
9.0,,,2014-03-05 10:15:00
9.5,,,2014-03-05 10:15:00
10.0,,,2014-03-05 10:15:00
0.0,10.9,13.08,2014-04-09 07:40:00
0.5,10.9,13.1,2014-04-09 07:40:00
1.0,10.9,13.18,2014-04-09 07:40:00
1.5,10.9,12.97,2014-04-09 07:40:00
2.0,10.4,12.25,2014-04-09 07:40:00
2.5,9.6,11.34,2014-04-09 07:40:00
3.0,9.4,10.84,2014-04-09 07:40:00
3.5,8.8,9.64,2014-04-09 07:40:00
4.0,8.0,6.72,2014-04-09 07:40:00
4.5,7.5,6.25,2014-04-09 07:40:00
5.0,7.2,5.49,2014-04-09 07:40:00
5.5,7.0,4.23,2014-04-09 07:40:00
6.0,6.8,3.6,2014-04-09 07:40:00
6.5,6.7,1.82,2014-04-09 07:40:00
7.0,6.6,1.31,2014-04-09 07:40:00
7.5,6.5,0.31,2014-04-09 07:40:00
8.0,6.5,0.22,2014-04-09 07:40:00
8.5,6.5,0.15,2014-04-09 07:40:00
9.0,,,2014-04-09 07:40:00
9.5,,,2014-04-09 07:40:00
10.0,,,2014-04-09 07:40:00
0.0,14.3,7.58,2014-05-05 08:25:00
0.5,14.3,7.52,2014-05-05 08:25:00
1.0,14.3,7.5,2014-05-05 08:25:00
1.5,14.3,7.55,2014-05-05 08:25:00
2.0,14.3,7.57,2014-05-05 08:25:00
2.5,14.3,7.58,2014-05-05 08:25:00
3.0,14.3,7.55,2014-05-05 08:25:00
3.5,14.0,4.28,2014-05-05 08:25:00
4.0,11.8,1.68,2014-05-05 08:25:00
4.5,10.2,0.2,2014-05-05 08:25:00
5.0,9.1,0.1,2014-05-05 08:25:00
5.5,8.4,,2014-05-05 08:25:00
6.0,,,2014-05-05 08:25:00
6.5,,,2014-05-05 08:25:00
7.0,,,2014-05-05 08:25:00
7.5,,,2014-05-05 08:25:00
8.0,,,2014-05-05 08:25:00
8.5,,,2014-05-05 08:25:00
9.0,,,2014-05-05 08:25:00
9.5,,,2014-05-05 08:25:00
10.0,,,2014-05-05 08:25:00
0.0,18.2,11.54,2014-06-04 07:30:00
0.5,18.2,11.47,2014-06-04 07:30:00
1.0,18.2,11.57,2014-06-04 07:30:00
1.5,18.2,11.52,2014-06-04 07:30:00
2.0,18.2,11.63,2014-06-04 07:30:00
2.5,17.8,10.42,2014-06-04 07:30:00
3.0,16.7,8.87,2014-06-04 07:30:00
3.5,15.9,7.21,2014-06-04 07:30:00
4.0,14.5,4.13,2014-06-04 07:30:00
4.5,13.2,2.86,2014-06-04 07:30:00
5.0,11.9,2.85,2014-06-04 07:30:00
5.5,10.2,2.81,2014-06-04 07:30:00
6.0,9.5,2.72,2014-06-04 07:30:00
6.5,8.3,2.76,2014-06-04 07:30:00
7.0,7.6,2.74,2014-06-04 07:30:00
7.5,7.3,2.71,2014-06-04 07:30:00
8.0,7.1,2.67,2014-06-04 07:30:00
8.5,7.0,2.67,2014-06-04 07:30:00
9.0,,,2014-06-04 07:30:00
9.5,,,2014-06-04 07:30:00
10.0,,,2014-06-04 07:30:00
0.0,19.0,8.92,2014-07-02 07:45:00
0.5,19.0,8.76,2014-07-02 07:45:00
1.0,19.0,8.75,2014-07-02 07:45:00
1.5,19.0,8.8,2014-07-02 07:45:00
2.0,19.0,8.73,2014-07-02 07:45:00
2.5,18.6,7.61,2014-07-02 07:45:00
3.0,18.1,6.44,2014-07-02 07:45:00
3.5,17.5,4.49,2014-07-02 07:45:00
4.0,16.6,2.41,2014-07-02 07:45:00
4.5,14.9,0.41,2014-07-02 07:45:00
5.0,12.8,0.2,2014-07-02 07:45:00
5.5,11.1,0.0,2014-07-02 07:45:00
6.0,,,2014-07-02 07:45:00
6.5,,,2014-07-02 07:45:00
7.0,,,2014-07-02 07:45:00
7.5,,,2014-07-02 07:45:00
8.0,,,2014-07-02 07:45:00
8.5,,,2014-07-02 07:45:00
9.0,,,2014-07-02 07:45:00
9.5,,,2014-07-02 07:45:00
10.0,,,2014-07-02 07:45:00
0.0,24.5,10.02,2014-08-05 08:15:00
0.5,24.5,9.92,2014-08-05 08:15:00
1.0,24.5,9.86,2014-08-05 08:15:00
1.5,24.5,9.88,2014-08-05 08:15:00
2.0,24.5,9.84,2014-08-05 08:15:00
2.5,23.8,8.39,2014-08-05 08:15:00
3.0,23.3,6.39,2014-08-05 08:15:00
3.5,22.0,2.78,2014-08-05 08:15:00
4.0,20.3,0.89,2014-08-05 08:15:00
4.5,18.0,1.0,2014-08-05 08:15:00
5.0,,,2014-08-05 08:15:00
5.5,,,2014-08-05 08:15:00
6.0,,,2014-08-05 08:15:00
6.5,,,2014-08-05 08:15:00
7.0,,,2014-08-05 08:15:00
7.5,,,2014-08-05 08:15:00
8.0,,,2014-08-05 08:15:00
8.5,,,2014-08-05 08:15:00
9.0,,,2014-08-05 08:15:00
9.5,,,2014-08-05 08:15:00
10.0,,,2014-08-05 08:15:00
0.0,20.2,10.32,2014-09-08 08:30:00
0.5,20.2,10.02,2014-09-08 08:30:00
1.0,20.2,10.25,2014-09-08 08:30:00
1.5,19.9,10.34,2014-09-08 08:30:00
2.0,19.5,9.75,2014-09-08 08:30:00
2.5,19.2,8.67,2014-09-08 08:30:00
3.0,18.8,7.55,2014-09-08 08:30:00
3.5,18.4,4.95,2014-09-08 08:30:00
4.0,18.0,3.55,2014-09-08 08:30:00
4.5,17.7,1.12,2014-09-08 08:30:00
5.0,17.3,0.2,2014-09-08 08:30:00
5.5,,,2014-09-08 08:30:00
6.0,,,2014-09-08 08:30:00
6.5,,,2014-09-08 08:30:00
7.0,,,2014-09-08 08:30:00
7.5,,,2014-09-08 08:30:00
8.0,,,2014-09-08 08:30:00
8.5,,,2014-09-08 08:30:00
9.0,,,2014-09-08 08:30:00
9.5,,,2014-09-08 08:30:00
10.0,,,2014-09-08 08:30:00
0.0,16.1,6.45,2014-09-29 08:00:00
0.5,16.1,6.34,2014-09-29 08:00:00
1.0,16.1,6.28,2014-09-29 08:00:00
1.5,16.1,6.34,2014-09-29 08:00:00
2.0,16.1,6.28,2014-09-29 08:00:00
2.5,16.1,6.33,2014-09-29 08:00:00
3.0,16.1,6.12,2014-09-29 08:00:00
3.5,16.1,5.78,2014-09-29 08:00:00
4.0,16.0,5.88,2014-09-29 08:00:00
4.5,16.0,5.7,2014-09-29 08:00:00
5.0,16.0,5.15,2014-09-29 08:00:00
5.5,15.8,3.31,2014-09-29 08:00:00
6.0,15.3,2.08,2014-09-29 08:00:00
6.5,13.7,,2014-09-29 08:00:00
7.0,,,2014-09-29 08:00:00
7.5,,,2014-09-29 08:00:00
8.0,,,2014-09-29 08:00:00
8.5,,,2014-09-29 08:00:00
9.0,,,2014-09-29 08:00:00
9.5,,,2014-09-29 08:00:00
10.0,,,2014-09-29 08:00:00
0.0,10.6,3.3,2014-11-10 11:00:00
0.5,10.6,3.25,2014-11-10 11:00:00
1.0,10.6,3.19,2014-11-10 11:00:00
1.5,10.6,3.16,2014-11-10 11:00:00
2.0,10.6,3.14,2014-11-10 11:00:00
2.5,10.6,3.09,2014-11-10 11:00:00
3.0,10.6,3.09,2014-11-10 11:00:00
3.5,10.6,2.97,2014-11-10 11:00:00
4.0,10.6,2.94,2014-11-10 11:00:00
4.5,10.6,2.93,2014-11-10 11:00:00
5.0,10.6,2.93,2014-11-10 11:00:00
5.5,10.6,2.89,2014-11-10 11:00:00
6.0,10.6,2.81,2014-11-10 11:00:00
6.5,10.6,2.83,2014-11-10 11:00:00
7.0,10.6,2.82,2014-11-10 11:00:00
7.5,10.6,2.8,2014-11-10 11:00:00
8.0,10.5,2.22,2014-11-10 11:00:00
8.5,,,2014-11-10 11:00:00
9.0,,,2014-11-10 11:00:00
9.5,,,2014-11-10 11:00:00
10.0,,,2014-11-10 11:00:00
0.0,4.5,8.73,2014-12-02 09:30:00
0.5,4.6,8.43,2014-12-02 09:30:00
1.0,4.6,8.62,2014-12-02 09:30:00
1.5,4.6,8.68,2014-12-02 09:30:00
2.0,4.6,8.66,2014-12-02 09:30:00
2.5,4.6,8.66,2014-12-02 09:30:00
3.0,4.6,8.59,2014-12-02 09:30:00
3.5,4.6,8.67,2014-12-02 09:30:00
4.0,4.6,8.6,2014-12-02 09:30:00
4.5,4.6,8.58,2014-12-02 09:30:00
5.0,4.6,8.54,2014-12-02 09:30:00
5.5,4.6,8.5,2014-12-02 09:30:00
6.0,4.6,8.62,2014-12-02 09:30:00
6.5,4.6,8.65,2014-12-02 09:30:00
7.0,4.6,8.64,2014-12-02 09:30:00
7.5,4.6,8.64,2014-12-02 09:30:00
8.0,4.6,8.61,2014-12-02 09:30:00
8.5,,,2014-12-02 09:30:00
9.0,,,2014-12-02 09:30:00
9.5,,,2014-12-02 09:30:00
10.0,,,2014-12-02 09:30:00
0.0,2.6,11.86,2015-01-07 10:20:00
0.5,2.6,11.85,2015-01-07 10:20:00
1.0,2.6,11.82,2015-01-07 10:20:00
1.5,2.6,11.82,2015-01-07 10:20:00
2.0,2.6,11.81,2015-01-07 10:20:00
2.5,2.7,11.79,2015-01-07 10:20:00
3.0,2.7,11.74,2015-01-07 10:20:00
3.5,2.8,11.72,2015-01-07 10:20:00
4.0,2.9,11.68,2015-01-07 10:20:00
4.5,2.9,11.65,2015-01-07 10:20:00
5.0,3.0,11.59,2015-01-07 10:20:00
5.5,3.0,11.4,2015-01-07 10:20:00
6.0,3.1,11.27,2015-01-07 10:20:00
6.5,3.1,11.18,2015-01-07 10:20:00
7.0,3.2,11.0,2015-01-07 10:20:00
7.5,3.2,10.98,2015-01-07 10:20:00
8.0,3.2,10.91,2015-01-07 10:20:00
8.5,,,2015-01-07 10:20:00
9.0,,,2015-01-07 10:20:00
9.5,,,2015-01-07 10:20:00
10.0,,,2015-01-07 10:20:00
0.0,2.8,12.18,2015-02-04 08:10:00
0.5,2.8,12.09,2015-02-04 08:10:00
1.0,2.8,12.05,2015-02-04 08:10:00
1.5,2.9,11.96,2015-02-04 08:10:00
2.0,3.0,11.89,2015-02-04 08:10:00
2.5,3.1,11.75,2015-02-04 08:10:00
3.0,3.2,11.68,2015-02-04 08:10:00
3.5,3.3,11.65,2015-02-04 08:10:00
4.0,3.4,11.64,2015-02-04 08:10:00
4.5,3.5,11.48,2015-02-04 08:10:00
5.0,3.6,11.2,2015-02-04 08:10:00
5.5,3.7,10.71,2015-02-04 08:10:00
6.0,3.8,9.96,2015-02-04 08:10:00
6.5,3.8,9.41,2015-02-04 08:10:00
7.0,3.8,9.23,2015-02-04 08:10:00
7.5,3.8,8.78,2015-02-04 08:10:00
8.0,3.9,1.0,2015-02-04 08:10:00
8.5,,,2015-02-04 08:10:00
9.0,,,2015-02-04 08:10:00
9.5,,,2015-02-04 08:10:00
10.0,,,2015-02-04 08:10:00
0.0,3.8,16.28,2015-03-04 07:50:00
0.5,3.8,16.31,2015-03-04 07:50:00
1.0,3.8,16.34,2015-03-04 07:50:00
1.5,3.8,16.34,2015-03-04 07:50:00
2.0,3.8,16.36,2015-03-04 07:50:00
2.5,3.8,16.38,2015-03-04 07:50:00
3.0,3.8,16.37,2015-03-04 07:50:00
3.5,3.7,16.36,2015-03-04 07:50:00
4.0,3.7,16.35,2015-03-04 07:50:00
4.5,3.7,16.33,2015-03-04 07:50:00
5.0,3.7,16.32,2015-03-04 07:50:00
5.5,3.7,16.32,2015-03-04 07:50:00
6.0,3.7,16.3,2015-03-04 07:50:00
6.5,3.7,16.29,2015-03-04 07:50:00
7.0,3.7,16.28,2015-03-04 07:50:00
7.5,3.7,16.27,2015-03-04 07:50:00
8.0,3.7,16.26,2015-03-04 07:50:00
8.5,,,2015-03-04 07:50:00
9.0,,,2015-03-04 07:50:00
9.5,,,2015-03-04 07:50:00
10.0,,,2015-03-04 07:50:00
0.0,10.1,12.56,2015-04-16 07:40:00
0.5,10.1,12.68,2015-04-16 07:40:00
1.0,10.1,12.7,2015-04-16 07:40:00
1.5,10.1,12.73,2015-04-16 07:40:00
2.0,10.1,12.72,2015-04-16 07:40:00
2.5,10.1,12.68,2015-04-16 07:40:00
3.0,9.9,12.71,2015-04-16 07:40:00
3.5,9.8,12.63,2015-04-16 07:40:00
4.0,8.6,12.09,2015-04-16 07:40:00
4.5,7.9,10.53,2015-04-16 07:40:00
5.0,7.5,10.46,2015-04-16 07:40:00
5.5,7.1,10.16,2015-04-16 07:40:00
6.0,6.9,9.2,2015-04-16 07:40:00
6.5,6.8,8.23,2015-04-16 07:40:00
7.0,6.7,8.02,2015-04-16 07:40:00
7.5,6.6,6.3,2015-04-16 07:40:00
8.0,6.5,4.3,2015-04-16 07:40:00
8.5,,,2015-04-16 07:40:00
9.0,,,2015-04-16 07:40:00
9.5,,,2015-04-16 07:40:00
10.0,,,2015-04-16 07:40:00
0.0,15.5,12.6,2015-05-06 07:25:00
0.5,15.5,12.76,2015-05-06 07:25:00
1.0,15.5,12.84,2015-05-06 07:25:00
1.5,15.5,12.89,2015-05-06 07:25:00
2.0,15.1,12.92,2015-05-06 07:25:00
2.5,14.2,12.65,2015-05-06 07:25:00
3.0,13.3,11.83,2015-05-06 07:25:00
3.5,11.9,8.03,2015-05-06 07:25:00
4.0,10.4,3.87,2015-05-06 07:25:00
4.5,9.3,2.03,2015-05-06 07:25:00
5.0,8.5,1.4,2015-05-06 07:25:00
5.5,7.8,0.5,2015-05-06 07:25:00
6.0,,,2015-05-06 07:25:00
6.5,,,2015-05-06 07:25:00
7.0,,,2015-05-06 07:25:00
7.5,,,2015-05-06 07:25:00
8.0,,,2015-05-06 07:25:00
8.5,,,2015-05-06 07:25:00
9.0,,,2015-05-06 07:25:00
9.5,,,2015-05-06 07:25:00
10.0,,,2015-05-06 07:25:00
0.0,19.4,11.71,2015-06-09 07:00:00
0.5,19.4,11.77,2015-06-09 07:00:00
1.0,19.4,11.81,2015-06-09 07:00:00
1.5,19.4,11.84,2015-06-09 07:00:00
2.0,19.4,11.85,2015-06-09 07:00:00
2.5,18.4,11.28,2015-06-09 07:00:00
3.0,17.4,9.34,2015-06-09 07:00:00
3.5,16.4,7.6,2015-06-09 07:00:00
4.0,15.4,3.83,2015-06-09 07:00:00
4.5,14.2,1.1,2015-06-09 07:00:00
5.0,11.5,0.1,2015-06-09 07:00:00
5.5,,,2015-06-09 07:00:00
6.0,,,2015-06-09 07:00:00
6.5,,,2015-06-09 07:00:00
7.0,,,2015-06-09 07:00:00
7.5,,,2015-06-09 07:00:00
8.0,,,2015-06-09 07:00:00
8.5,,,2015-06-09 07:00:00
9.0,,,2015-06-09 07:00:00
9.5,,,2015-06-09 07:00:00
10.0,,,2015-06-09 07:00:00
0.0,25.5,8.53,2015-07-06 08:45:00
0.5,25.5,8.52,2015-07-06 08:45:00
1.0,25.4,8.55,2015-07-06 08:45:00
1.5,25.4,8.58,2015-07-06 08:45:00
2.0,23.0,9.56,2015-07-06 08:45:00
2.5,21.2,9.75,2015-07-06 08:45:00
3.0,19.5,8.82,2015-07-06 08:45:00
3.5,17.8,5.03,2015-07-06 08:45:00
4.0,16.5,2.51,2015-07-06 08:45:00
4.5,14.9,0.61,2015-07-06 08:45:00
5.0,,,2015-07-06 08:45:00
5.5,,,2015-07-06 08:45:00
6.0,,,2015-07-06 08:45:00
6.5,,,2015-07-06 08:45:00
7.0,,,2015-07-06 08:45:00
7.5,,,2015-07-06 08:45:00
8.0,,,2015-07-06 08:45:00
8.5,,,2015-07-06 08:45:00
9.0,,,2015-07-06 08:45:00
9.5,,,2015-07-06 08:45:00
10.0,,,2015-07-06 08:45:00
0.0,19.9,7.82,2015-07-29 07:30:00
0.5,19.9,7.74,2015-07-29 07:30:00
1.0,19.9,7.72,2015-07-29 07:30:00
1.5,19.9,7.72,2015-07-29 07:30:00
2.0,19.9,7.7,2015-07-29 07:30:00
2.5,19.9,7.73,2015-07-29 07:30:00
3.0,19.9,7.71,2015-07-29 07:30:00
3.5,19.9,7.71,2015-07-29 07:30:00
4.0,19.8,6.78,2015-07-29 07:30:00
4.5,18.9,1.39,2015-07-29 07:30:00
5.0,17.1,0.2,2015-07-29 07:30:00
5.5,,,2015-07-29 07:30:00
6.0,,,2015-07-29 07:30:00
6.5,,,2015-07-29 07:30:00
7.0,,,2015-07-29 07:30:00
7.5,,,2015-07-29 07:30:00
8.0,,,2015-07-29 07:30:00
8.5,,,2015-07-29 07:30:00
9.0,,,2015-07-29 07:30:00
9.5,,,2015-07-29 07:30:00
10.0,,,2015-07-29 07:30:00
0.0,22.4,9.3,2015-08-31 11:00:00
0.5,21.9,9.45,2015-08-31 11:00:00
1.0,21.7,9.46,2015-08-31 11:00:00
1.5,21.4,9.47,2015-08-31 11:00:00
2.0,21.2,9.36,2015-08-31 11:00:00
2.5,21.0,8.86,2015-08-31 11:00:00
3.0,20.9,8.22,2015-08-31 11:00:00
3.5,20.6,6.5,2015-08-31 11:00:00
4.0,20.2,4.49,2015-08-31 11:00:00
4.5,19.6,2.07,2015-08-31 11:00:00
5.0,18.0,0.01,2015-08-31 11:00:00
5.5,,,2015-08-31 11:00:00
6.0,,,2015-08-31 11:00:00
6.5,,,2015-08-31 11:00:00
7.0,,,2015-08-31 11:00:00
7.5,,,2015-08-31 11:00:00
8.0,,,2015-08-31 11:00:00
8.5,,,2015-08-31 11:00:00
9.0,,,2015-08-31 11:00:00
9.5,,,2015-08-31 11:00:00
10.0,,,2015-08-31 11:00:00
0.0,10.3,7.84,2015-10-22 07:30:00
0.5,10.3,7.82,2015-10-22 07:30:00
1.0,10.3,7.79,2015-10-22 07:30:00
1.5,10.3,7.75,2015-10-22 07:30:00
2.0,10.3,7.74,2015-10-22 07:30:00
2.5,10.3,7.74,2015-10-22 07:30:00
3.0,10.3,7.73,2015-10-22 07:30:00
3.5,10.3,7.71,2015-10-22 07:30:00
4.0,10.3,7.69,2015-10-22 07:30:00
4.5,10.3,7.67,2015-10-22 07:30:00
5.0,10.3,7.68,2015-10-22 07:30:00
5.5,10.3,7.69,2015-10-22 07:30:00
6.0,10.3,7.68,2015-10-22 07:30:00
6.5,10.3,7.67,2015-10-22 07:30:00
7.0,10.3,7.67,2015-10-22 07:30:00
7.5,10.3,7.66,2015-10-22 07:30:00
8.0,10.3,1.9,2015-10-22 07:30:00
8.5,,,2015-10-22 07:30:00
9.0,,,2015-10-22 07:30:00
9.5,,,2015-10-22 07:30:00
10.0,,,2015-10-22 07:30:00
0.0,8.0,9.42,2015-11-23 08:25:00
0.5,8.0,9.13,2015-11-23 08:25:00
1.0,8.0,9.08,2015-11-23 08:25:00
1.5,8.0,9.05,2015-11-23 08:25:00
2.0,8.0,9.04,2015-11-23 08:25:00
2.5,8.0,9.02,2015-11-23 08:25:00
3.0,8.0,9.04,2015-11-23 08:25:00
3.5,8.0,9.01,2015-11-23 08:25:00
4.0,8.0,9.02,2015-11-23 08:25:00
4.5,8.0,9.03,2015-11-23 08:25:00
5.0,8.0,9.03,2015-11-23 08:25:00
5.5,8.0,9.02,2015-11-23 08:25:00
6.0,8.0,9.02,2015-11-23 08:25:00
6.5,8.0,9.01,2015-11-23 08:25:00
7.0,8.0,9.01,2015-11-23 08:25:00
7.5,8.0,9.0,2015-11-23 08:25:00
8.0,8.0,8.1,2015-11-23 08:25:00
8.5,,,2015-11-23 08:25:00
9.0,,,2015-11-23 08:25:00
9.5,,,2015-11-23 08:25:00
10.0,,,2015-11-23 08:25:00
0.0,5.6,10.52,2015-12-07 08:30:00
0.5,5.5,10.48,2015-12-07 08:30:00
1.0,5.5,10.45,2015-12-07 08:30:00
1.5,5.5,10.43,2015-12-07 08:30:00
2.0,5.5,10.43,2015-12-07 08:30:00
2.5,5.5,10.43,2015-12-07 08:30:00
3.0,5.5,10.39,2015-12-07 08:30:00
3.5,5.5,10.4,2015-12-07 08:30:00
4.0,5.5,10.4,2015-12-07 08:30:00
4.5,5.5,10.37,2015-12-07 08:30:00
5.0,5.5,10.36,2015-12-07 08:30:00
5.5,5.5,10.32,2015-12-07 08:30:00
6.0,5.5,10.3,2015-12-07 08:30:00
6.5,5.5,10.31,2015-12-07 08:30:00
7.0,5.5,10.3,2015-12-07 08:30:00
7.5,5.5,10.28,2015-12-07 08:30:00
8.0,5.5,,2015-12-07 08:30:00
8.5,,,2015-12-07 08:30:00
9.0,,,2015-12-07 08:30:00
9.5,,,2015-12-07 08:30:00
10.0,,,2015-12-07 08:30:00
0.0,4.7,10.83,2015-12-16 08:30:00
0.5,4.7,10.78,2015-12-16 08:30:00
1.0,4.7,10.76,2015-12-16 08:30:00
1.5,4.7,10.76,2015-12-16 08:30:00
2.0,4.7,10.75,2015-12-16 08:30:00
2.5,4.7,10.74,2015-12-16 08:30:00
3.0,4.7,10.75,2015-12-16 08:30:00
3.5,4.7,10.73,2015-12-16 08:30:00
4.0,4.7,10.71,2015-12-16 08:30:00
4.5,4.7,10.7,2015-12-16 08:30:00
5.0,4.7,10.72,2015-12-16 08:30:00
5.5,4.7,10.72,2015-12-16 08:30:00
6.0,4.7,10.71,2015-12-16 08:30:00
6.5,4.7,10.7,2015-12-16 08:30:00
7.0,4.7,10.56,2015-12-16 08:30:00
7.5,4.7,10.44,2015-12-16 08:30:00
8.0,4.7,10.05,2015-12-16 08:30:00
8.5,,,2015-12-16 08:30:00
9.0,,,2015-12-16 08:30:00
9.5,,,2015-12-16 08:30:00
10.0,,,2015-12-16 08:30:00
